Type,Location,Footprint,Tot_area,Floors,Build_life,CO2,Building_Construction_Type,Type_B,Location_B,Footprint_B,Tot_area_B,Floors_B,clear_Footprint,clear_floors,Clear_Area
Residential,North America,94 to 465,"1,001 to 5,000",1 to 6,75,21.5,2,3,4,8,1,0,94.0,1.0,94.0
Residential,North America,4646 to 9290,"50,001 to 100,000",1 to 6,75,28.3,2,3,4,3,7,0,4646.0,1.01,4692.46
Commercial,North America,9291 to 18580,"100,001 to 200,000",15 to 25,75,33.3,3,0,4,5,3,1,9291.0,15.0,139365.0
Commercial,North America,930 to 2323,"10,001 to 25,000",1 to 6,75,34.3,2,0,4,7,2,0,930.0,1.02,948.6
Residential,North America,94 to 465,"1,001 to 5,000",1 to 6,75,50.2,2,3,4,8,1,0,101.38,1.05,106.449
Residential,North America,18581 to 46451,"200,001 to 500,000",7 to 14,75,55.9,3,3,4,0,4,2,18581.0,7.0,130067.0
Commercial,Asia-Pacific,2324 to 4645,"25,001 to 50,000",7 to 14,60,58.3,3,0,1,1,5,2,2324.0,7.01,16291.24
Residential,North America,9291 to 18580,"100,001 to 200,000",7 to 14,75,59.0,3,3,4,5,3,2,9420.69,7.01,66039.0369
Commercial,North America,4646 to 9290,"50,001 to 100,000",1 to 6,75,65.9,2,0,4,3,7,0,4728.07,1.08,5106.3156
Residential,North America,2324 to 4645,"25,001 to 50,000",1 to 6,60,66.7,2,3,4,1,5,0,2335.17,1.08,2521.9836
Residential,North America,2324 to 4645,"25,001 to 50,000",1 to 6,60,68.3,2,3,4,1,5,0,2337.3,1.09,2547.6570000000006
Residential,North America,2324 to 4645,"25,001 to 50,000",1 to 6,60,70.0,2,3,4,1,5,0,2339.56,1.09,2550.1204000000002
Residential,North America,2324 to 4645,"25,001 to 50,000",1 to 6,60,70.5,2,3,4,1,5,0,2340.23,1.09,2550.8507000000004
Residential,North America,2324 to 4645,"25,001 to 50,000",1 to 6,60,72.8,2,3,4,1,5,0,2343.29,1.09,2554.1861000000004
Residential,North America,94 to 465,"1,001 to 5,000",1 to 6,60,74.3,2,3,4,8,1,0,107.57,1.1,118.327
Commercial,North America,9291 to 18580,"100,001 to 200,000",1 to 6,75,79.0,2,0,4,5,3,0,9521.62,1.11,10568.998200000002
Commercial,Europe,9291 to 18580,"100,001 to 200,000",1 to 6,60,83.3,2,0,2,5,3,0,9543.32,1.11,10593.085200000001
Residential,North America,94 to 465,"1,001 to 5,000",1 to 6,60,88.3,2,3,4,8,1,0,111.17,1.12,124.51040000000002
Commercial,North America,18581 to 46451,"200,001 to 500,000",7 to 14,50,90.0,3,0,4,0,4,2,19116.99,7.13,136304.1387
Residential,North America,2324 to 4645,"25,001 to 50,000",1 to 6,60,90.8,2,3,4,1,5,0,2367.24,1.13,2674.9811999999997
Residential,North America,2324 to 4645,"25,001 to 50,000",1 to 6,60,91.7,2,3,4,1,5,0,2368.43,1.13,2676.3258999999994
Commercial,North America,466 to 929,"5,001 to 10,000",1 to 6,50,92.0,2,0,4,4,6,0,466.0,1.13,526.5799999999999
Commercial,North America,9291 to 18580,"100,001 to 200,000",1 to 6,50,93.0,2,0,4,5,3,0,9592.27,1.13,10839.265099999999
Residential,North America,94 to 465,"1,001 to 5,000",1 to 6,60,95.0,2,3,4,8,1,0,112.89,1.13,127.56569999999999
Residential,North America,94 to 465,"1,001 to 5,000",1 to 6,60,96.0,3,3,4,8,1,0,113.15,1.14,128.99099999999999
Residential,North America,94 to 465,"1,001 to 5,000",1 to 6,60,99.2,2,3,4,8,1,0,113.97,1.14,129.92579999999998
Residential,North America,94 to 465,"1,001 to 5,000",1 to 6,60,99.2,2,3,4,8,1,0,113.97,1.14,129.92579999999998
Commercial,North America,18581 to 46451,"200,001 to 500,000",1 to 6,50,100.0,2,0,4,0,4,0,19274.17,1.14,21972.553799999998
Commercial,North America,46452 to 92903,"500,001 to 1 million",1 to 6,50,100.0,2,0,4,2,8,0,46452.0,1.14,52955.28
Residential,North America,2324 to 4645,"25,001 to 50,000",1 to 6,60,101.7,2,3,4,1,5,0,2381.74,1.15,2739.0009999999997
Commercial,North America,18581 to 46451,"200,001 to 500,000",1 to 6,50,102.0,2,0,4,0,4,0,19305.61,1.15,22201.4515
Residential,North America,2324 to 4645,"25,001 to 50,000",1 to 6,60,103.3,2,3,4,1,5,0,2383.86,1.15,2741.439
Commercial,North America,4646 to 9290,"50,001 to 100,000",1 to 6,75,104.2,2,0,4,3,7,0,4811.66,1.15,5533.409
Commercial,North America,2324 to 4645,"25,001 to 50,000",1 to 6,50,106.0,2,0,4,1,5,0,2387.46,1.16,2769.4536
Commercial,Asia-Pacific,2324 to 4645,"25,001 to 50,000",7 to 14,60,108.3,3,0,1,1,5,2,2390.52,7.2,17211.744
Commercial,North America,9291 to 18580,"100,001 to 200,000",1 to 6,50,109.0,2,0,4,5,3,0,9673.02,1.16,11220.7032
Commercial,North America,2324 to 4645,"25,001 to 50,000",More than 25,50,109.0,0,0,4,1,5,3,2391.45,25.0,59786.24999999999
Residential,North America,94 to 465,"1,001 to 5,000",1 to 6,60,110.8,2,3,4,8,1,0,116.95,1.16,135.662
Residential,Asia-Pacific,Over 92903,Over 1 million,15 to 25,50,111.0,0,3,1,9,9,1,92903.0,15.68,1456719.04
Generic,North America,2324 to 4645,"25,001 to 50,000",1 to 6,50,112.0,2,1,4,1,5,0,2395.44,1.17,2802.6648
Commercial,North America,4646 to 9290,"50,001 to 100,000",7 to 14,60,114.1,3,0,4,3,7,2,4833.27,7.22,34896.2094
Residential,North America,94 to 465,"1,001 to 5,000",1 to 6,60,115.0,2,3,4,8,1,0,118.03,1.17,138.0951
Commercial,North America,18581 to 46451,"200,001 to 500,000",15 to 25,75,115.0,0,0,4,0,4,1,19509.95,15.72,306696.41400000005
Commercial,Europe,Over 92903,Over 1 million,More than 25,100,115.9,0,0,2,9,9,3,93070.36,25.06,2332343.2216
Commercial,Europe,Over 92903,Over 1 million,More than 25,100,116.5,0,0,2,9,9,3,93090.86,25.06,2332856.9516
Commercial,Europe,Over 92903,Over 1 million,More than 25,100,116.6,0,0,2,9,9,3,93094.27,25.06,2332942.4062
Commercial,North America,18581 to 46451,"200,001 to 500,000",1 to 6,50,117.0,2,0,4,0,4,0,19541.38,1.18,23058.8284
Commercial,North America,4646 to 9290,"50,001 to 100,000",7 to 14,60,118.0,3,0,4,3,7,2,4841.78,7.24,35054.487199999996
Commercial,North America,4646 to 9290,"50,001 to 100,000",1 to 6,50,118.0,2,0,4,3,7,0,4841.78,1.18,5713.300399999999
Commercial,Europe,Over 92903,Over 1 million,More than 25,100,118.8,0,0,2,9,9,3,93169.41,25.08,2336688.8027999997
Commercial,North America,4646 to 9290,"50,001 to 100,000",7 to 14,50,119.0,3,0,4,3,7,2,4843.97,7.24,35070.342800000006
Commercial,Europe,Over 92903,Over 1 million,More than 25,100,119.7,0,0,2,9,9,3,93200.15,25.09,2338391.7635
Commercial,North America,4646 to 9290,"50,001 to 100,000",1 to 6,50,123.0,2,0,4,3,7,0,4852.7,1.19,5774.713
Residential,North America,94 to 465,"1,001 to 5,000",1 to 6,60,124.2,2,3,4,8,1,0,120.4,1.19,143.276
Residential,North America,94 to 465,"1,001 to 5,000",1 to 6,60,124.2,2,3,4,8,1,0,120.4,1.19,143.276
Commercial,North America,2324 to 4645,"25,001 to 50,000",1 to 6,100,124.5,2,0,4,1,5,0,2412.07,1.19,2870.3633
Commercial,North America,4646 to 9290,"50,001 to 100,000",7 to 14,60,125.2,3,0,4,3,7,2,4857.5,7.27,35314.025
Residential,North America,46452 to 92903,"500,001 to 1 million",15 to 25,50,126.0,3,3,4,2,8,1,46847.72,15.81,740662.4532
Commercial,North America,Over 92903,Over 1 million,More than 25,100,126.6,0,0,4,9,9,3,93435.83,25.14,2348976.7662
Commercial,North America,Over 92903,Over 1 million,More than 25,100,126.8,0,0,4,9,9,3,93442.66,25.15,2350082.8989999997
Commercial,North America,466 to 929,"5,001 to 10,000",1 to 6,50,127.0,2,0,4,4,6,0,472.11,1.19,561.8109
Commercial,North America,4646 to 9290,"50,001 to 100,000",1 to 6,50,128.0,2,0,4,3,7,0,4863.61,1.2,5836.331999999999
Residential,North America,2324 to 4645,"25,001 to 50,000",1 to 6,60,128.3,2,3,4,1,5,0,2417.12,1.2,2900.544
Commercial,North America,930 to 2323,"10,001 to 25,000",1 to 6,50,129.0,2,0,4,7,2,0,978.97,1.2,1174.764
Commercial,North America,Over 92903,Over 1 million,More than 25,100,129.1,0,0,4,9,9,3,93521.22,25.17,2353929.1074
Residential,North America,94 to 465,"1,001 to 5,000",1 to 6,60,130.0,2,3,4,8,1,0,121.89,1.2,146.268
Commercial,Europe,Over 92903,Over 1 million,More than 25,100,131.0,0,0,2,9,9,3,93586.11,25.18,2356498.2498
Commercial,North America,Over 92903,Over 1 million,More than 25,100,131.5,0,0,4,9,9,3,93603.19,25.18,2356928.3242
Commercial,Europe,Over 92903,Over 1 million,More than 25,100,132.4,0,0,2,9,9,3,93633.93,25.19,2358638.6966999997
Commercial,Europe,Over 92903,Over 1 million,More than 25,100,132.8,0,0,2,9,9,3,93647.59,25.2,2359919.2679999997
Commercial,North America,18581 to 46451,"200,001 to 500,000",7 to 14,50,133.0,3,0,4,0,4,2,19792.88,7.3,144488.024
Commercial,Europe,Over 92903,Over 1 million,More than 25,100,133.3,0,0,2,9,9,3,93664.67,25.2,2360349.684
Commercial,North America,930 to 2323,"10,001 to 25,000",1 to 6,50,134.0,2,0,4,7,2,0,981.56,1.21,1187.6876
Commercial,Europe,Over 92903,Over 1 million,More than 25,100,135.4,0,0,2,9,9,3,93736.4,25.22,2364032.008
Commercial,Europe,Over 92903,Over 1 million,More than 25,100,135.7,0,0,2,9,9,3,93746.65,25.22,2364290.513
Commercial,Europe,Over 92903,Over 1 million,More than 25,100,136.7,0,0,2,9,9,3,93780.8,25.23,2366089.5840000003
Commercial,North America,Over 92903,Over 1 million,More than 25,100,138.3,0,0,4,9,9,3,93835.45,25.24,2368406.758
Commercial,North America,9291 to 18580,"100,001 to 200,000",1 to 6,50,140.0,2,0,4,5,3,0,9829.46,1.22,11991.9412
Commercial,North America,Over 92903,Over 1 million,More than 25,100,140.1,0,0,4,9,9,3,93896.93,25.26,2371836.4518
Commercial,North America,930 to 2323,"10,001 to 25,000",1 to 6,75,140.4,2,0,4,7,2,0,984.87,1.22,1201.5414
Commercial,Europe,Over 92903,Over 1 million,More than 25,100,140.8,0,0,2,9,9,3,93920.84,25.26,2372440.4184
Commercial,Africa,4646 to 9290,"50,001 to 100,000",1 to 6,50,142.0,2,0,0,3,7,0,4894.17,1.22,5970.8874
Commercial,Europe,Over 92903,Over 1 million,More than 25,100,142.7,0,0,2,9,9,3,93985.74,25.28,2375959.5072000003
Commercial,North America,Over 92903,Over 1 million,More than 25,100,142.7,0,0,4,9,9,3,93985.74,25.28,2375959.5072000003
Commercial,North America,466 to 929,"5,001 to 10,000",1 to 6,50,143.0,2,0,4,4,6,0,474.9,1.22,579.3779999999999
Residential,North America,94 to 465,"1,001 to 5,000",1 to 6,60,143.3,2,3,4,8,1,0,125.3,1.22,152.86599999999999
Commercial,Europe,Over 92903,Over 1 million,More than 25,100,146.5,0,0,2,9,9,3,94115.53,25.31,2382064.0642999997
Commercial,North America,Over 92903,Over 1 million,More than 25,100,147.5,0,0,4,9,9,3,94149.68,25.32,2383869.8976
Commercial,North America,46452 to 92903,"500,001 to 1 million",7 to 14,60,147.5,3,0,4,2,8,2,47174.94,7.35,346735.809
Commercial,North America,46452 to 92903,"500,001 to 1 million",7 to 14,60,147.5,3,0,4,2,8,2,47174.94,7.35,346735.809
Residential,North America,94 to 465,"1,001 to 5,000",1 to 6,60,147.6,2,3,4,8,1,0,126.41,1.23,155.4843
Residential,North America,94 to 465,"1,001 to 5,000",1 to 6,60,148.3,2,3,4,8,1,0,126.59,1.23,155.7057
Commercial,North America,4646 to 9290,"50,001 to 100,000",7 to 14,60,148.8,3,0,4,3,7,2,4909.01,7.36,36130.3136
Commercial,North America,4646 to 9290,"50,001 to 100,000",1 to 6,50,149.0,2,0,4,3,7,0,4909.44,1.23,6038.611199999999
Commercial,North America,930 to 2323,"10,001 to 25,000",1 to 6,50,149.0,2,0,4,7,2,0,989.32,1.23,1216.8636000000001
Commercial,North America,Over 92903,Over 1 million,More than 25,100,149.9,0,0,4,9,9,3,94231.66,25.34,2387830.2644
Commercial,North America,4646 to 9290,"50,001 to 100,000",7 to 14,60,150.9,3,0,4,3,7,2,4913.59,7.37,36213.1583
Commercial,North America,Over 92903,Over 1 million,More than 25,100,150.9,0,0,4,9,9,3,94265.81,25.34,2388695.6254
Residential,North America,94 to 465,"1,001 to 5,000",1 to 6,60,151.7,2,3,4,8,1,0,127.46,1.24,158.0504
Commercial,North America,Over 92903,Over 1 million,More than 25,100,152.3,0,0,4,9,9,3,94313.63,25.36,2391793.6568
Commercial,North America,18581 to 46451,"200,001 to 500,000",7 to 14,60,152.5,3,0,4,0,4,2,20099.38,7.37,148132.43060000002
Commercial,North America,18581 to 46451,"200,001 to 500,000",7 to 14,60,152.5,3,0,4,0,4,2,20099.38,7.37,148132.43060000002
Commercial,North America,46452 to 92903,"500,001 to 1 million",7 to 14,50,153.0,3,0,4,2,8,2,47258.65,7.37,348296.2505
Commercial,North America,Over 92903,Over 1 million,More than 25,100,153.3,0,0,4,9,9,3,94347.79,25.36,2392659.9543999997
Commercial,North America,Over 92903,Over 1 million,More than 25,100,153.8,0,0,4,9,9,3,94364.86,25.37,2394036.4982000003
Commercial,North America,4646 to 9290,"50,001 to 100,000",7 to 14,50,154.3,3,0,4,3,7,2,4921.01,7.38,36317.0538
Commercial,North America,46452 to 92903,"500,001 to 1 million",7 to 14,60,154.4,3,0,4,2,8,2,47279.96,7.38,348926.1048
Commercial,Europe,Over 92903,Over 1 million,More than 25,100,154.6,0,0,2,9,9,3,94392.19,25.37,2394729.8603000003
Commercial,North America,9291 to 18580,"100,001 to 200,000",1 to 6,50,155.0,2,0,4,5,3,0,9905.15,1.25,12381.4375
Commercial,North America,46452 to 92903,"500,001 to 1 million",7 to 14,60,155.2,3,0,4,2,8,2,47292.14,7.38,349015.99319999997
Commercial,Asia-Pacific,18581 to 46451,"200,001 to 500,000",7 to 14,40,156.8,3,0,1,0,4,2,20166.97,7.39,149033.9083
Commercial,North America,4646 to 9290,"50,001 to 100,000",1 to 6,50,157.0,2,0,4,3,7,0,4926.91,1.25,6158.6375
Residential,Europe,2324 to 4645,"25,001 to 50,000",7 to 14,100,157.0,3,3,2,1,5,2,2455.3,7.39,18144.667
Commercial,North America,18581 to 46451,"200,001 to 500,000",7 to 14,60,159.2,3,0,4,0,4,2,20204.69,7.4,149514.706
Commercial,North America,18581 to 46451,"200,001 to 500,000",7 to 14,60,159.2,3,0,4,0,4,2,20204.69,7.4,149514.706
Commercial,North America,18581 to 46451,"200,001 to 500,000",7 to 14,60,159.2,3,0,4,0,4,2,20204.69,7.4,149514.706
Commercial,North America,18581 to 46451,"200,001 to 500,000",7 to 14,60,160.0,3,0,4,0,4,2,20217.27,7.4,149607.798
Commercial,North America,46452 to 92903,"500,001 to 1 million",1 to 6,40,161.3,2,0,4,2,8,0,47384.98,1.26,59705.0748
Residential,North America,94 to 465,"1,001 to 5,000",1 to 6,60,162.5,2,3,4,8,1,0,130.24,1.26,164.10240000000002
Residential,North America,94 to 465,"1,001 to 5,000",1 to 6,60,163.1,2,3,4,8,1,0,130.39,1.26,164.29139999999998
Residential,North America,94 to 465,"1,001 to 5,000",1 to 6,60,165.6,2,3,4,8,1,0,131.04,1.26,165.1104
Commercial,North America,4646 to 9290,"50,001 to 100,000",1 to 6,60,166.1,2,0,4,3,7,0,4946.77,1.27,6282.397900000001
Residential,Europe,94 to 465,"1,001 to 5,000",1 to 6,60,166.7,2,3,2,8,1,0,131.32,1.27,166.7764
Commercial,North America,18581 to 46451,"200,001 to 500,000",7 to 14,50,167.0,3,0,4,0,4,2,20327.3,7.43,151031.83899999998
Residential,North America,94 to 465,"1,001 to 5,000",1 to 6,60,167.8,2,3,4,8,1,0,131.6,1.27,167.132
Commercial,North America,46452 to 92903,"500,001 to 1 million",7 to 14,50,168.0,3,0,4,2,8,2,47486.95,7.43,352828.03849999997
Commercial,North America,9291 to 18580,"100,001 to 200,000",1 to 6,50,168.0,2,0,4,5,3,0,9970.76,1.27,12662.8652
Commercial,Europe,Over 92903,Over 1 million,More than 25,100,168.4,0,0,2,9,9,3,94863.54,25.49,2418071.6345999995
Commercial,North America,2324 to 4645,"25,001 to 50,000",1 to 6,100,168.4,2,0,4,1,5,0,2470.47,1.27,3137.4968999999996
Residential,North America,94 to 465,"1,001 to 5,000",1 to 6,60,168.6,2,3,4,8,1,0,131.81,1.27,167.39870000000002
Commercial,North America,Over 92903,Over 1 million,More than 25,100,169.0,0,0,4,9,9,3,94884.03,25.49,2418593.9247
Commercial,Europe,Over 92903,Over 1 million,More than 25,100,169.4,0,0,2,9,9,3,94897.69,25.5,2419891.095
Commercial,Europe,Over 92903,Over 1 million,More than 25,100,169.5,0,0,2,9,9,3,94901.11,25.5,2419978.305
Residential,Europe,94 to 465,"1,001 to 5,000",1 to 6,50,170.0,2,3,2,8,1,0,132.17,1.27,167.8559
Commercial,North America,2324 to 4645,"25,001 to 50,000",1 to 6,100,170.1,2,0,4,1,5,0,2472.73,1.27,3140.3671
Residential,North America,94 to 465,"1,001 to 5,000",1 to 6,60,170.2,2,3,4,8,1,0,132.22,1.27,167.9194
Residential,North America,94 to 465,"1,001 to 5,000",1 to 6,60,170.5,2,3,4,8,1,0,132.3,1.27,168.02100000000002
Commercial,North America,9291 to 18580,"100,001 to 200,000",1 to 6,50,171.0,2,0,4,5,3,0,9985.9,1.27,12682.092999999999
Commercial,North America,18581 to 46451,"200,001 to 500,000",More than 25,50,171.0,0,0,4,0,4,3,20390.17,25.51,520153.2367
Commercial,North America,18581 to 46451,"200,001 to 500,000",1 to 6,50,172.0,2,0,4,0,4,0,20405.89,1.28,26119.5392
Commercial,North America,18581 to 46451,"200,001 to 500,000",7 to 14,50,173.0,3,0,4,0,4,2,20421.61,7.45,152140.9945
Residential,North America,94 to 465,"1,001 to 5,000",1 to 6,60,175.0,2,3,4,8,1,0,133.45,1.28,170.816
Commercial,North America,930 to 2323,"10,001 to 25,000",1 to 6,50,176.0,2,0,4,7,2,0,1003.28,1.28,1284.1984
Commercial,North America,46452 to 92903,"500,001 to 1 million",7 to 14,50,176.0,3,0,4,2,8,2,47608.71,7.46,355160.9766
Commercial,North America,18581 to 46451,"200,001 to 500,000",7 to 14,50,176.0,3,0,4,0,4,2,20468.76,7.46,152696.9496
Residential,North America,94 to 465,"1,001 to 5,000",1 to 6,60,176.9,2,3,4,8,1,0,133.94,1.29,172.7826
Commercial,Europe,Over 92903,Over 1 million,More than 25,100,176.9,0,0,2,9,9,3,95153.86,25.56,2432132.6615999998
Commercial,North America,18581 to 46451,"200,001 to 500,000",7 to 14,50,177.0,3,0,4,0,4,2,20484.48,7.47,153019.0656
Commercial,North America,18581 to 46451,"200,001 to 500,000",1 to 6,50,177.0,2,0,4,0,4,0,20484.48,1.29,26424.9792
Commercial,North America,Over 92903,Over 1 million,More than 25,100,177.2,0,0,4,9,9,3,95164.11,25.56,2432394.6516
Commercial,Europe,Over 92903,Over 1 million,More than 25,100,178.0,0,0,2,9,9,3,95191.43,25.57,2434044.8651
Commercial,North America,18581 to 46451,"200,001 to 500,000",7 to 14,50,178.0,3,0,4,0,4,2,20500.2,7.47,153136.494
Residential,Europe,93 or less,"1,000 or less",1 to 6,50,179.0,2,3,2,6,0,0,0.0,1.29,0.0
Commercial,North America,94 to 465,"1,001 to 5,000",1 to 6,50,181.0,2,0,4,8,1,0,134.99,1.29,174.1371
Residential,North America,94 to 465,"1,001 to 5,000",1 to 6,50,181.2,2,3,4,8,1,0,135.05,1.29,174.21450000000002
Residential,North America,94 to 465,"1,001 to 5,000",1 to 6,60,181.8,2,3,4,8,1,0,135.2,1.29,174.408
Residential,North America,46452 to 92903,"500,001 to 1 million",7 to 14,50,184.0,3,3,4,2,8,2,47730.47,7.49,357501.22030000004
Commercial,North America,46452 to 92903,"500,001 to 1 million",7 to 14,60,185.0,3,0,4,2,8,2,47745.69,7.5,358092.67500000005
Residential,North America,94 to 465,"1,001 to 5,000",1 to 6,60,185.4,2,3,4,8,1,0,136.12,1.3,176.95600000000002
Residential,North America,94 to 465,"1,001 to 5,000",1 to 6,50,185.9,2,3,4,8,1,0,136.25,1.3,177.125
Commercial,Europe,Over 92903,Over 1 million,More than 25,100,186.0,0,0,2,9,9,3,95464.68,25.63,2446759.7484
Residential,North America,94 to 465,"1,001 to 5,000",1 to 6,60,187.2,2,3,4,8,1,0,136.59,1.3,177.567
Commercial,North America,46452 to 92903,"500,001 to 1 million",7 to 14,60,187.5,3,0,4,2,8,2,47783.74,7.51,358855.88739999995
Residential,North America,94 to 465,"1,001 to 5,000",1 to 6,60,187.9,2,3,4,8,1,0,136.77,1.31,179.16870000000003
Commercial,North America,Over 92903,Over 1 million,More than 25,100,189.0,0,0,4,9,9,3,95567.14,25.66,2452252.8124
Commercial,North America,930 to 2323,"10,001 to 25,000",1 to 6,50,189.0,2,0,4,7,2,0,1010.0,1.31,1323.1000000000001
Residential,North America,94 to 465,"1,001 to 5,000",1 to 6,60,190.2,2,3,4,8,1,0,137.36,1.31,179.94160000000002
Commercial,North America,18581 to 46451,"200,001 to 500,000",7 to 14,50,191.0,3,0,4,0,4,2,20704.53,7.52,155698.06559999997
Residential,North America,94 to 465,"1,001 to 5,000",1 to 6,60,191.1,2,3,4,8,1,0,137.59,1.31,180.24290000000002
Commercial,Europe,Over 92903,Over 1 million,More than 25,100,191.3,0,0,2,9,9,3,95645.7,25.68,2456181.576
Commercial,North America,Over 92903,Over 1 million,More than 25,100,191.4,0,0,4,9,9,3,95649.12,25.68,2456269.4016
Commercial,North America,46452 to 92903,"500,001 to 1 million",7 to 14,60,191.6,3,0,4,2,8,2,47846.14,7.52,359802.9728
Commercial,North America,46452 to 92903,"500,001 to 1 million",7 to 14,60,191.6,3,0,4,2,8,2,47846.14,7.52,359802.9728
Commercial,North America,4646 to 9290,"50,001 to 100,000",1 to 6,50,192.0,2,0,4,3,7,0,5003.3,1.31,6554.323
Commercial,North America,18581 to 46451,"200,001 to 500,000",7 to 14,60,193.3,3,0,4,0,4,2,20740.69,7.53,156177.3957
Commercial,North America,18581 to 46451,"200,001 to 500,000",7 to 14,60,193.3,3,0,4,0,4,2,20740.69,7.53,156177.3957
Residential,North America,94 to 465,"1,001 to 5,000",1 to 6,60,193.9,3,3,4,8,1,0,138.31,1.32,182.56920000000002
Commercial,North America,46452 to 92903,"500,001 to 1 million",1 to 6,50,194.0,2,0,4,2,8,0,47882.67,1.32,63205.1244
Residential,North America,94 to 465,"1,001 to 5,000",1 to 6,60,194.2,2,3,4,8,1,0,138.39,1.32,182.6748
Residential,North America,94 to 465,"1,001 to 5,000",1 to 6,60,196.8,2,3,4,8,1,0,139.05,1.32,183.54600000000002
Commercial,North America,18581 to 46451,"200,001 to 500,000",7 to 14,60,197.5,3,0,4,0,4,2,20806.7,7.55,157090.585
Commercial,North America,18581 to 46451,"200,001 to 500,000",7 to 14,60,197.5,3,0,4,0,4,2,20806.7,7.55,157090.585
Commercial,North America,18581 to 46451,"200,001 to 500,000",7 to 14,60,197.5,3,0,4,0,4,2,20806.7,7.55,157090.585
Commercial,North America,18581 to 46451,"200,001 to 500,000",7 to 14,60,197.5,3,0,4,0,4,2,20806.7,7.55,157090.585
Commercial,Europe,Over 92903,Over 1 million,More than 25,100,198.1,0,0,2,9,9,3,95877.96,25.73,2466939.9108
Commercial,North America,9291 to 18580,"100,001 to 200,000",1 to 6,50,199.0,2,0,4,5,3,0,10127.2,1.33,13469.176000000001
Commercial,North America,Over 92903,Over 1 million,More than 25,100,199.3,0,0,4,9,9,3,95918.95,25.74,2468953.7729999996
Commercial,North America,930 to 2323,"10,001 to 25,000",1 to 6,50,200.0,2,0,4,7,2,0,1015.69,1.33,1350.8677000000002
Residential,Europe,94 to 465,"1,001 to 5,000",1 to 6,50,200.0,2,3,2,8,1,0,139.88,1.33,186.0404
Residential,North America,94 to 465,"1,001 to 5,000",1 to 6,60,200.0,2,3,4,8,1,0,139.88,1.33,186.0404
Commercial,North America,Over 92903,Over 1 million,More than 25,100,200.2,0,0,4,9,9,3,95949.69,25.75,2470704.5175
Residential,North America,18581 to 46451,"200,001 to 500,000",More than 25,50,201.0,0,3,4,0,4,3,20861.72,25.76,537397.9072
Commercial,North America,Over 92903,Over 1 million,More than 25,100,202.9,0,0,4,9,9,3,96041.91,25.77,2475000.0207
Commercial,Asia-Pacific,46452 to 92903,"500,001 to 1 million",1 to 6,50,203.0,2,0,1,2,8,0,48019.65,1.33,63866.13450000001
Commercial,North America,18581 to 46451,"200,001 to 500,000",1 to 6,50,203.0,2,0,4,0,4,0,20893.15,1.33,27787.889500000005
Residential,North America,94 to 465,"1,001 to 5,000",1 to 6,60,204.7,2,3,4,8,1,0,141.09,1.34,189.06060000000002
Residential,North America,18581 to 46451,"200,001 to 500,000",15 to 25,50,206.0,0,3,4,0,4,1,20940.31,16.52,345933.92120000004
Commercial,North America,9291 to 18580,"100,001 to 200,000",7 to 14,40,206.4,3,0,4,5,3,2,10164.54,7.58,77047.21320000001
Residential,North America,94 to 465,"1,001 to 5,000",1 to 6,60,206.8,2,3,4,8,1,0,141.62,1.34,189.7708
Commercial,North America,18581 to 46451,"200,001 to 500,000",15 to 25,50,207.0,0,0,4,0,4,1,20956.03,16.53,346403.17590000003
Commercial,North America,46452 to 92903,"500,001 to 1 million",7 to 14,50,208.0,3,0,4,2,8,2,48095.74,7.59,365046.6666
Commercial,Europe,Over 92903,Over 1 million,More than 25,100,208.6,0,0,2,9,9,3,96236.59,25.82,2484828.7538
Residential,North America,94 to 465,"1,001 to 5,000",1 to 6,60,209.1,2,3,4,8,1,0,142.22,1.34,190.5748
Commercial,North America,4646 to 9290,"50,001 to 100,000",1 to 6,50,211.0,2,0,4,3,7,0,5044.77,1.35,6810.439500000001
Commercial,North America,466 to 929,"5,001 to 10,000",1 to 6,50,211.0,2,0,4,4,6,0,486.77,1.35,657.1395
Residential,North America,94 to 465,"1,001 to 5,000",1 to 6,60,211.3,2,3,4,8,1,0,142.78,1.35,192.75300000000001
Commercial,North America,Over 92903,Over 1 million,More than 25,100,211.4,0,0,4,9,9,3,96332.23,25.84,2489224.8232
Commercial,North America,18581 to 46451,"200,001 to 500,000",1 to 6,50,213.0,2,0,4,0,4,0,21050.33,1.35,28417.945500000005
Commercial,Europe,Over 92903,Over 1 million,More than 25,100,213.0,0,0,2,9,9,3,96386.88,25.85,2491600.848
Commercial,Europe,Over 92903,Over 1 million,More than 25,100,213.0,0,0,2,9,9,3,96386.88,25.85,2491600.848
Residential,North America,94 to 465,"1,001 to 5,000",1 to 6,60,213.3,2,3,4,8,1,0,143.3,1.35,193.45500000000004
Residential,North America,94 to 465,"1,001 to 5,000",1 to 6,60,215.0,2,3,4,8,1,0,143.73,1.36,195.4728
Residential,North America,94 to 465,"1,001 to 5,000",1 to 6,60,215.2,2,3,4,8,1,0,143.78,1.36,195.54080000000002
Commercial,Europe,Over 92903,Over 1 million,More than 25,100,215.6,0,0,2,9,9,3,96475.68,25.88,2496790.5983999996
Commercial,North America,4646 to 9290,"50,001 to 100,000",1 to 6,60,216.1,2,0,4,3,7,0,5055.9,1.36,6876.024
Commercial,North America,4646 to 9290,"50,001 to 100,000",1 to 6,60,216.1,2,0,4,3,7,0,5055.9,1.36,6876.024
Commercial,North America,2324 to 4645,"25,001 to 50,000",1 to 6,50,220.0,2,0,4,1,5,0,2539.11,1.36,3453.1896000000006
Commercial,North America,9291 to 18580,"100,001 to 200,000",7 to 14,50,221.0,3,0,4,5,3,2,10238.22,7.64,78220.0008
Residential,Asia-Pacific,9291 to 18580,"100,001 to 200,000",More than 25,100,221.5,0,3,1,5,3,3,10240.74,25.92,265439.9808
Residential,North America,94 to 465,"1,001 to 5,000",1 to 6,60,222.2,2,3,4,8,1,0,145.58,1.37,199.44460000000004
Commercial,North America,930 to 2323,"10,001 to 25,000",1 to 6,50,223.0,2,0,4,7,2,0,1027.58,1.37,1407.7846
Commercial,North America,Over 92903,Over 1 million,15 to 25,50,224.0,0,0,4,9,9,1,96762.59,16.67,1613032.3753000002
Commercial,North America,18581 to 46451,"200,001 to 500,000",7 to 14,50,225.0,3,0,4,0,4,2,21238.95,7.65,162477.9675
Commercial,North America,18581 to 46451,"200,001 to 500,000",15 to 25,40,225.0,3,0,4,0,4,1,21238.95,16.68,354265.686
Commercial,North America,18581 to 46451,"200,001 to 500,000",1 to 6,50,227.0,2,0,4,0,4,0,21270.39,1.38,29353.138199999998
Commercial,North America,9291 to 18580,"100,001 to 200,000",1 to 6,40,227.7,2,0,4,5,3,0,10272.03,1.38,14175.4014
Commercial,North America,4646 to 9290,"50,001 to 100,000",1 to 6,60,228.5,2,0,4,3,7,0,5082.96,1.38,7014.484799999999
Commercial,North America,4646 to 9290,"50,001 to 100,000",1 to 6,60,228.5,2,0,4,3,7,0,5082.96,1.38,7014.484799999999
Commercial,North America,46452 to 92903,"500,001 to 1 million",15 to 25,50,229.0,3,0,4,2,8,1,48415.36,16.72,809504.8191999999
Commercial,North America,Over 92903,Over 1 million,More than 25,100,229.6,0,0,4,9,9,3,96953.86,25.99,2519830.8214
Commercial,North America,Over 92903,Over 1 million,More than 25,100,229.9,0,0,4,9,9,3,96964.11,25.99,2520097.2188999997
Commercial,North America,4646 to 9290,"50,001 to 100,000",1 to 6,50,230.0,2,0,4,3,7,0,5086.24,1.38,7019.011199999999
Commercial,North America,18581 to 46451,"200,001 to 500,000",1 to 6,50,231.0,2,0,4,0,4,0,21333.26,1.38,29439.898799999995
Residential,Asia-Pacific,9291 to 18580,"100,001 to 200,000",More than 25,100,231.0,0,3,1,5,3,3,10288.68,26.0,267505.68
Commercial,North America,4646 to 9290,"50,001 to 100,000",1 to 6,50,232.0,2,0,4,3,7,0,5090.6,1.39,7075.934
Commercial,North America,46452 to 92903,"500,001 to 1 million",15 to 25,50,235.0,3,0,4,2,8,1,48506.68,16.77,813457.0236
Residential,Asia-Pacific,9291 to 18580,"100,001 to 200,000",15 to 25,50,236.0,3,3,1,5,3,1,10313.92,16.78,173067.57760000002
Commercial,North America,Over 92903,Over 1 million,More than 25,100,236.3,0,0,4,9,9,3,97182.71,26.05,2531609.5955000003
Commercial,North America,Over 92903,Over 1 million,More than 25,100,236.3,0,0,4,9,9,3,97182.71,26.05,2531609.5955000003
Commercial,North America,18581 to 46451,"200,001 to 500,000",1 to 6,50,237.0,2,0,4,0,4,0,21427.57,1.4,29998.597999999998
Commercial,North America,18581 to 46451,"200,001 to 500,000",7 to 14,50,240.0,3,0,4,0,4,2,21474.73,7.71,165570.1683
Commercial,North America,Over 92903,Over 1 million,More than 25,100,240.7,0,0,4,9,9,3,97332.99,26.08,2538444.3792
Commercial,North America,46452 to 92903,"500,001 to 1 million",1 to 6,50,241.0,2,0,4,2,8,0,48598.0,1.4,68037.2
Commercial,Asia-Pacific,2324 to 4645,"25,001 to 50,000",7 to 14,60,241.7,3,0,1,1,5,2,2567.98,7.72,19824.8056
Commercial,North America,Over 92903,Over 1 million,More than 25,50,242.0,0,0,4,9,9,3,97377.39,26.09,2540576.1051
Commercial,North America,Over 92903,Over 1 million,More than 25,50,245.0,0,0,4,9,9,3,97479.86,26.12,2546173.9432
Commercial,Europe,Over 92903,Over 1 million,More than 25,100,245.5,0,0,2,9,9,3,97496.94,26.12,2546620.0728
Commercial,Europe,Over 92903,Over 1 million,More than 25,100,245.5,0,0,2,9,9,3,97496.94,26.12,2546620.0728
Commercial,North America,4646 to 9290,"50,001 to 100,000",1 to 6,50,247.0,0,0,4,3,7,0,5123.34,1.41,7223.9094
Commercial,North America,Over 92903,Over 1 million,More than 25,100,247.1,0,0,4,9,9,3,97551.59,26.13,2549023.0467
Commercial,North America,Over 92903,Over 1 million,More than 25,100,247.8,0,0,4,9,9,3,97575.5,26.14,2550623.57
Commercial,North America,9291 to 18580,"100,001 to 200,000",1 to 6,50,248.0,3,0,4,5,3,0,10374.47,1.42,14731.747399999998
Commercial,Europe,Over 92903,Over 1 million,More than 25,100,250.8,0,0,2,9,9,3,97677.96,26.16,2555255.4336
Commercial,North America,9291 to 18580,"100,001 to 200,000",1 to 6,50,251.0,3,0,4,5,3,0,10389.61,1.42,14753.2462
Commercial,North America,2324 to 4645,"25,001 to 50,000",1 to 6,50,252.0,3,0,4,1,5,0,2581.68,1.42,3665.9855999999995
Commercial,North America,4646 to 9290,"50,001 to 100,000",1 to 6,50,252.0,3,0,4,3,7,0,5134.26,1.42,7290.6492
Commercial,North America,9291 to 18580,"100,001 to 200,000",1 to 6,50,252.0,3,0,4,5,3,0,10394.66,1.42,14760.4172
Residential,North America,18581 to 46451,"200,001 to 500,000",More than 25,50,253.0,0,3,4,0,4,3,21679.06,26.18,567557.7908000001
Commercial,North America,46452 to 92903,"500,001 to 1 million",7 to 14,50,254.0,3,0,4,2,8,2,48795.86,7.76,378655.8736
Commercial,North America,9291 to 18580,"100,001 to 200,000",1 to 6,50,254.0,3,0,4,5,3,0,10404.75,1.43,14878.7925
Commercial,North America,930 to 2323,"10,001 to 25,000",1 to 6,50,255.0,3,0,4,7,2,0,1044.13,1.43,1493.1059
Commercial,North America,930 to 2323,"10,001 to 25,000",1 to 6,50,255.0,3,0,4,7,2,0,1044.13,1.43,1493.1059
Commercial,North America,46452 to 92903,"500,001 to 1 million",7 to 14,50,256.0,3,0,4,2,8,2,48826.3,7.77,379380.351
Commercial,North America,Over 92903,Over 1 million,7 to 14,50,256.0,3,0,4,9,9,2,97855.57,7.77,760337.7789
Residential,Asia-Pacific,46452 to 92903,"500,001 to 1 million",More than 25,50,257.0,0,3,1,2,8,3,48841.52,26.22,1280624.6543999999
Commercial,North America,18581 to 46451,"200,001 to 500,000",7 to 14,50,257.0,3,0,4,0,4,2,21741.94,7.77,168934.87379999997
Commercial,North America,Over 92903,Over 1 million,More than 25,100,257.6,0,0,4,9,9,3,97910.22,26.22,2567205.9684
Commercial,North America,18581 to 46451,"200,001 to 500,000",1 to 6,50,258.0,3,0,4,0,4,0,21757.66,1.43,31113.4538
Commercial,North America,2324 to 4645,"25,001 to 50,000",1 to 6,50,258.0,3,0,4,1,5,0,2589.66,1.43,3703.2137999999995
Commercial,North America,46452 to 92903,"500,001 to 1 million",More than 25,50,258.0,0,0,4,2,8,3,48856.74,26.22,1281023.7227999999
Commercial,Europe,Over 92903,Over 1 million,More than 25,100,258.3,0,0,2,9,9,3,97934.13,26.23,2568812.2299
Commercial,Asia-Pacific,46452 to 92903,"500,001 to 1 million",7 to 14,50,259.0,3,0,1,2,8,2,48871.96,7.78,380223.8488
Commercial,North America,18581 to 46451,"200,001 to 500,000",1 to 6,50,259.0,3,0,4,0,4,0,21773.37,1.44,31353.652799999996
Commercial,North America,930 to 2323,"10,001 to 25,000",1 to 6,50,259.6,3,0,4,7,2,0,1046.51,1.44,1506.9743999999998
Residential,North America,4646 to 9290,"50,001 to 100,000",7 to 14,50,260.0,3,3,4,3,7,2,5151.72,7.79,40131.8988
Commercial,North America,46452 to 92903,"500,001 to 1 million",More than 25,50,260.0,0,0,4,2,8,3,48887.18,26.24,1282799.6032
Commercial,North America,18581 to 46451,"200,001 to 500,000",15 to 25,50,261.0,3,0,4,0,4,1,21804.81,17.0,370681.77
Residential,Europe,4646 to 9290,"50,001 to 100,000",7 to 14,50,261.3,3,3,2,3,7,2,5154.55,7.79,40153.944500000005
Commercial,North America,4646 to 9290,"50,001 to 100,000",1 to 6,50,262.0,3,0,4,3,7,0,5156.08,1.44,7424.7552
Commercial,North America,9291 to 18580,"100,001 to 200,000",1 to 6,50,264.0,3,0,4,5,3,0,10455.22,1.45,15160.068999999998
Commercial,Europe,18581 to 46451,"200,001 to 500,000",7 to 14,40,265.1,3,0,2,0,4,2,21869.25,7.81,170798.8425
Commercial,North America,Over 92903,Over 1 million,More than 25,100,265.1,0,0,4,9,9,3,98166.39,26.28,2579812.7292
Commercial,North America,18581 to 46451,"200,001 to 500,000",1 to 6,40,265.7,3,0,4,0,4,0,21878.69,1.45,31724.100499999997
Commercial,North America,Over 92903,Over 1 million,More than 25,50,266.0,0,0,4,9,9,3,98197.13,26.29,2581602.5477
Commercial,North America,4646 to 9290,"50,001 to 100,000",1 to 6,50,266.0,3,0,4,3,7,0,5164.81,1.45,7488.9745
Commercial,Asia-Pacific,2324 to 4645,"25,001 to 50,000",7 to 14,60,266.7,3,0,1,1,5,2,2601.24,7.81,20315.6844
Commercial,North America,9291 to 18580,"100,001 to 200,000",7 to 14,40,269.9,3,0,4,5,3,2,10484.99,7.82,81992.62180000001
Commercial,Asia-Pacific,9291 to 18580,"100,001 to 200,000",1 to 6,40,271.4,3,0,1,5,3,0,10492.56,1.46,15319.137599999998
Commercial,North America,9291 to 18580,"100,001 to 200,000",1 to 6,50,272.0,3,0,4,5,3,0,10495.59,1.46,15323.5614
Commercial,North America,4646 to 9290,"50,001 to 100,000",1 to 6,50,273.0,3,0,4,3,7,0,5180.09,1.46,7562.9314
Residential,Europe,93 or less,"1,000 or less",1 to 6,50,273.2,3,3,2,6,0,0,93.0,1.46,135.78
Commercial,North America,2324 to 4645,"25,001 to 50,000",1 to 6,50,274.0,3,0,4,1,5,0,2610.95,1.46,3811.9869999999996
Commercial,North America,9291 to 18580,"100,001 to 200,000",1 to 6,50,276.0,3,0,4,5,3,0,10515.77,1.47,15458.1819
Commercial,North America,930 to 2323,"10,001 to 25,000",1 to 6,50,277.0,3,0,4,7,2,0,1055.51,1.47,1551.5997
Commercial,North America,18581 to 46451,"200,001 to 500,000",7 to 14,40,281.6,3,0,4,0,4,2,22128.61,7.87,174152.1607
Commercial,North America,Over 92903,Over 1 million,More than 25,50,283.0,0,0,4,9,9,3,98777.78,26.43,2610696.7254
Commercial,North America,9291 to 18580,"100,001 to 200,000",1 to 6,50,285.0,3,0,4,5,3,0,10561.19,1.48,15630.5612
Commercial,North America,9291 to 18580,"100,001 to 200,000",7 to 14,50,285.0,3,0,4,5,3,2,10561.19,7.88,83222.1772
Commercial,North America,Over 92903,Over 1 million,More than 25,100,285.4,0,0,4,9,9,3,98859.75,26.45,2614840.3874999997
Commercial,North America,Over 92903,Over 1 million,More than 25,100,285.4,0,0,4,9,9,3,98859.75,26.45,2614840.3874999997
Commercial,North America,46452 to 92903,"500,001 to 1 million",1 to 6,50,286.0,3,0,4,2,8,0,49282.89,1.49,73431.5061
Commercial,North America,930 to 2323,"10,001 to 25,000",1 to 6,50,286.0,3,0,4,7,2,0,1060.16,1.49,1579.6384
Commercial,North America,2324 to 4645,"25,001 to 50,000",1 to 6,50,286.0,3,0,4,1,5,0,2626.91,1.49,3914.0959
Commercial,North America,4646 to 9290,"50,001 to 100,000",1 to 6,50,289.0,3,0,4,3,7,0,5215.01,1.49,7770.3649000000005
Commercial,Africa,Over 92903,Over 1 million,More than 25,50,292.0,0,0,0,9,9,3,99085.18,26.5,2625757.27
Residential,North America,4646 to 9290,"50,001 to 100,000",7 to 14,50,292.0,3,3,4,3,7,2,5221.56,7.91,41302.539600000004
Commercial,North America,9291 to 18580,"100,001 to 200,000",1 to 6,40,292.3,3,0,4,5,3,0,10598.03,1.5,15897.045000000002
Commercial,North America,9291 to 18580,"100,001 to 200,000",1 to 6,40,293.6,3,0,4,5,3,0,10604.59,1.5,15906.885
Commercial,North America,4646 to 9290,"50,001 to 100,000",7 to 14,50,294.0,3,0,4,3,7,2,5225.93,7.92,41389.365600000005
Commercial,North America,46452 to 92903,"500,001 to 1 million",More than 25,50,294.0,0,0,4,2,8,3,49404.65,26.52,1310211.318
Commercial,North America,2324 to 4645,"25,001 to 50,000",7 to 14,50,300.0,3,0,4,1,5,2,2645.54,7.94,21005.5876
Commercial,Asia-Pacific,9291 to 18580,"100,001 to 200,000",1 to 6,40,302.7,3,0,1,5,3,0,10650.51,1.52,16188.7752
Commercial,North America,46452 to 92903,"500,001 to 1 million",More than 25,40,303.7,1,0,4,2,8,3,49552.28,26.6,1318090.648
Commercial,North America,4646 to 9290,"50,001 to 100,000",1 to 6,50,304.0,3,0,4,3,7,0,5247.75,1.52,7976.58
Commercial,North America,18581 to 46451,"200,001 to 500,000",1 to 6,40,305.3,3,0,4,0,4,0,22501.13,1.52,34201.7176
Commercial,Asia-Pacific,18581 to 46451,"200,001 to 500,000",1 to 6,40,306.8,3,0,1,0,4,0,22524.7,1.52,34237.544
Commercial,North America,4646 to 9290,"50,001 to 100,000",1 to 6,40,308.3,3,0,4,3,7,0,5257.14,1.53,8043.4242
Residential,North America,18581 to 46451,"200,001 to 500,000",More than 25,50,309.0,1,3,4,0,4,3,22559.28,26.64,600979.2191999999
Commercial,North America,9291 to 18580,"100,001 to 200,000",1 to 6,50,309.0,0,0,4,5,3,0,10682.31,1.53,16343.934299999999
Commercial,Europe,9291 to 18580,"100,001 to 200,000",1 to 6,50,309.0,0,0,2,5,3,0,10682.31,1.53,16343.934299999999
Commercial,North America,9291 to 18580,"100,001 to 200,000",7 to 14,50,310.0,0,0,4,5,3,2,10687.35,7.98,85285.05300000001
Commercial,North America,2324 to 4645,"25,001 to 50,000",1 to 6,50,310.0,0,0,4,1,5,0,2658.84,1.53,4068.0252000000005
Commercial,North America,46452 to 92903,"500,001 to 1 million",7 to 14,40,310.2,0,0,4,2,8,2,49651.21,7.98,396216.6558
Residential,North America,18581 to 46451,"200,001 to 500,000",7 to 14,40,312.8,0,3,4,0,4,2,22619.01,7.99,180725.88989999998
Commercial,Middle East,18581 to 46451,"200,001 to 500,000",1 to 6,50,313.0,0,0,3,0,4,0,22622.16,1.54,34838.1264
Residential,Europe,2324 to 4645,"25,001 to 50,000",7 to 14,50,314.0,0,3,2,1,5,2,2664.16,7.99,21286.6384
Residential,Asia-Pacific,Over 92903,Over 1 million,More than 25,50,316.0,0,3,1,9,9,3,99904.92,26.7,2667461.364
Commercial,Asia-Pacific,4646 to 9290,"50,001 to 100,000",15 to 25,50,317.0,0,0,1,3,7,1,5276.13,17.49,92279.5137
Commercial,North America,466 to 929,"5,001 to 10,000",1 to 6,50,317.0,0,0,4,4,6,0,505.27,1.54,778.1158
Commercial,North America,Over 92903,Over 1 million,7 to 14,40,318.6,0,0,4,9,9,2,99993.72,8.01,800949.6971999999
Residential,Asia-Pacific,4646 to 9290,"50,001 to 100,000",1 to 6,60,319.6,0,3,1,3,7,0,5281.8,1.55,8186.790000000001
Commercial,Asia-Pacific,46452 to 92903,"500,001 to 1 million",7 to 14,50,321.0,0,0,1,2,8,2,49815.59,8.02,399521.03179999994
Residential,Europe,4646 to 9290,"50,001 to 100,000",7 to 14,50,321.8,0,3,2,3,7,2,5286.6,8.02,42398.532
Commercial,North America,930 to 2323,"10,001 to 25,000",1 to 6,50,322.0,0,0,4,7,2,0,1078.78,1.55,1672.109
Commercial,North America,4646 to 9290,"50,001 to 100,000",1 to 6,50,323.0,0,0,4,3,7,0,5289.22,1.55,8198.291000000001
Residential,Asia-Pacific,Over 92903,Over 1 million,More than 25,50,328.0,1,3,1,9,9,3,100314.78,26.8,2688436.104
Commercial,North America,18581 to 46451,"200,001 to 500,000",More than 25,50,328.0,1,0,4,0,4,3,22857.93,26.8,612592.524
Residential,North America,2324 to 4645,"25,001 to 50,000",1 to 6,50,328.0,0,3,4,1,5,0,2682.79,1.56,4185.1524
Commercial,Europe,4646 to 9290,"50,001 to 100,000",7 to 14,50,329.0,0,0,2,3,7,2,5302.32,8.05,42683.676
Commercial,Middle East,Over 92903,Over 1 million,7 to 14,50,335.0,0,0,3,9,9,2,100553.87,8.07,811469.7309
Commercial,North America,46452 to 92903,"500,001 to 1 million",15 to 25,50,336.0,0,0,4,2,8,1,50043.89,17.66,883775.0974
Commercial,North America,18581 to 46451,"200,001 to 500,000",1 to 6,40,338.0,0,0,4,0,4,0,23015.11,1.58,36363.8738
Commercial,Middle East,9291 to 18580,"100,001 to 200,000",1 to 6,50,340.0,0,0,3,5,3,0,10838.75,1.58,17125.225000000002
Commercial,North America,2324 to 4645,"25,001 to 50,000",1 to 6,40,340.8,0,0,4,1,5,0,2699.81,1.59,4292.6979
Commercial,North America,46452 to 92903,"500,001 to 1 million",7 to 14,50,341.0,0,0,4,2,8,2,50119.99,8.1,405971.919
Commercial,North America,18581 to 46451,"200,001 to 500,000",7 to 14,50,341.0,0,0,4,0,4,2,23062.27,8.1,186804.387
Commercial,Asia-Pacific,2324 to 4645,"25,001 to 50,000",7 to 14,60,341.7,0,0,1,1,5,2,2701.01,8.1,21878.181
Residential,Asia-Pacific,4646 to 9290,"50,001 to 100,000",15 to 25,50,342.0,0,3,1,3,7,1,5330.69,17.71,94406.5199
Commercial,North America,4646 to 9290,"50,001 to 100,000",1 to 6,50,343.0,0,0,4,3,7,0,5332.88,1.59,8479.2792
Commercial,North America,2324 to 4645,"25,001 to 50,000",1 to 6,50,344.0,0,0,4,1,5,0,2704.07,1.59,4299.4713
Commercial,North America,46452 to 92903,"500,001 to 1 million",1 to 6,40,346.4,0,0,4,2,8,0,50202.17,1.6,80323.47200000001
Commercial,Middle East,9291 to 18580,"100,001 to 200,000",7 to 14,40,347.0,0,0,3,5,3,2,10874.07,8.12,88297.4484
Commercial,Asia-Pacific,2324 to 4645,"25,001 to 50,000",7 to 14,60,350.0,0,0,1,1,5,2,2712.05,8.13,22048.966500000002
Commercial,North America,930 to 2323,"10,001 to 25,000",1 to 6,50,352.0,0,0,4,7,2,0,1094.29,1.61,1761.8069
Commercial,Europe,18581 to 46451,"200,001 to 500,000",7 to 14,60,352.1,0,0,2,0,4,2,23236.74,8.14,189147.06360000002
Commercial,Europe,46452 to 92903,"500,001 to 1 million",7 to 14,40,354.8,0,0,2,2,8,2,50330.02,8.15,410189.663
Commercial,North America,466 to 929,"5,001 to 10,000",1 to 6,50,355.0,0,0,4,4,6,0,511.9,1.61,824.159
Residential,North America,46452 to 92903,"500,001 to 1 million",More than 25,50,355.0,1,3,4,2,8,3,50333.06,27.02,1359999.2811999999
Residential,Europe,9291 to 18580,"100,001 to 200,000",7 to 14,40,355.0,0,3,2,5,3,2,10914.44,8.15,88952.686
Commercial,Asia-Pacific,Over 92903,Over 1 million,More than 25,50,356.0,1,0,1,9,9,3,101271.14,27.03,2737358.9142
Commercial,North America,18581 to 46451,"200,001 to 500,000",1 to 6,50,356.0,0,0,4,0,4,0,23298.04,1.61,37509.8444
Commercial,Asia-Pacific,2324 to 4645,"25,001 to 50,000",7 to 14,60,358.3,0,0,1,1,5,2,2723.09,8.16,22220.4144
Commercial,North America,2324 to 4645,"25,001 to 50,000",1 to 6,50,359.0,0,0,4,1,5,0,2724.03,1.62,4412.9286
Commercial,Asia-Pacific,2324 to 4645,"25,001 to 50,000",1 to 6,40,359.2,0,0,1,1,5,0,2724.29,1.62,4413.3498
Commercial,Middle East,Over 92903,Over 1 million,7 to 14,50,361.0,0,0,3,9,9,2,101441.92,8.17,828780.4863999999
Residential,Europe,94 to 465,"1,001 to 5,000",1 to 6,50,362.1,0,3,2,8,1,0,181.54,1.63,295.9102
Commercial,North America,46452 to 92903,"500,001 to 1 million",1 to 6,40,362.5,0,0,4,2,8,0,50447.21,1.63,82228.95229999999
Commercial,North America,Over 92903,Over 1 million,More than 25,50,364.0,1,0,4,9,9,3,101544.39,27.09,2750837.5250999997
Commercial,North America,18581 to 46451,"200,001 to 500,000",15 to 25,40,366.5,1,0,4,0,4,1,23463.08,17.93,420693.02440000005
Commercial,Europe,4646 to 9290,"50,001 to 100,000",7 to 14,60,367.6,0,0,2,3,7,2,5386.57,8.2,44169.873999999996
Commercial,Asia-Pacific,466 to 929,"5,001 to 10,000",1 to 6,60,369.3,0,0,1,4,6,0,514.39,1.64,843.5995999999999
Commercial,Europe,9291 to 18580,"100,001 to 200,000",7 to 14,60,370.7,0,0,2,5,3,2,10993.67,8.21,90258.0307
Residential,North America,46452 to 92903,"500,001 to 1 million",More than 25,40,370.8,1,3,4,2,8,3,50573.54,27.15,1373071.611
Commercial,North America,2324 to 4645,"25,001 to 50,000",1 to 6,50,371.0,0,0,4,1,5,0,2739.99,1.64,4493.583599999999
Residential,Europe,94 to 465,"1,001 to 5,000",7 to 14,60,373.8,0,3,2,8,1,2,184.55,8.22,1517.0010000000002
Commercial,North America,18581 to 46451,"200,001 to 500,000",7 to 14,50,374.0,0,0,4,0,4,2,23580.97,8.22,193835.57340000002
Residential,North America,9291 to 18580,"100,001 to 200,000",7 to 14,40,374.0,0,3,4,5,3,2,11010.33,8.22,90504.91260000001
Commercial,North America,18581 to 46451,"200,001 to 500,000",7 to 14,40,375.2,0,0,4,0,4,2,23599.83,8.23,194226.60090000002
Commercial,North America,9291 to 18580,"100,001 to 200,000",1 to 6,50,377.0,0,0,4,5,3,0,11025.46,1.65,18192.009
Commercial,Middle East,Over 92903,Over 1 million,More than 25,50,379.0,1,0,3,9,9,3,102056.72,27.22,2777983.9184
Commercial,North America,Over 92903,Over 1 million,More than 25,50,380.0,1,0,4,9,9,3,102090.88,27.23,2779934.6624000003
Commercial,North America,Over 92903,Over 1 million,1 to 6,50,381.0,0,0,4,9,9,0,102125.04,1.66,169527.56639999998
Commercial,North America,18581 to 46451,"200,001 to 500,000",7 to 14,50,381.0,0,0,4,0,4,2,23691.0,8.25,195450.75
Commercial,Middle East,46452 to 92903,"500,001 to 1 million",1 to 6,50,383.0,0,0,3,2,8,0,50759.22,1.66,84260.3052
Residential,Europe,94 to 465,"1,001 to 5,000",1 to 6,50,385.0,0,3,2,8,1,0,187.42,1.67,312.99139999999994
Commercial,North America,Over 92903,Over 1 million,More than 25,40,385.4,1,0,4,9,9,3,102275.32,27.27,2789047.9764
Commercial,North America,18581 to 46451,"200,001 to 500,000",7 to 14,40,385.5,0,0,4,0,4,2,23761.73,8.27,196509.5071
Residential,Europe,46452 to 92903,"500,001 to 1 million",15 to 25,40,385.7,1,3,2,2,8,1,50800.31,18.09,918977.6079
Commercial,North America,2324 to 4645,"25,001 to 50,000",1 to 6,50,386.0,0,0,4,1,5,0,2759.94,1.67,4609.0998
Commercial,North America,18581 to 46451,"200,001 to 500,000",7 to 14,40,387.2,0,0,4,0,4,2,23788.45,8.28,196968.36599999998
Commercial,North America,46452 to 92903,"500,001 to 1 million",15 to 25,40,388.0,1,0,4,2,8,1,50835.32,18.11,920627.6451999999
Residential,South America,18581 to 46451,"200,001 to 500,000",15 to 25,40,388.1,1,3,5,0,4,1,23802.6,18.12,431303.112
Commercial,North America,4646 to 9290,"50,001 to 100,000",1 to 6,50,389.0,0,0,4,3,7,0,5433.28,1.67,9073.577599999999
Commercial,North America,18581 to 46451,"200,001 to 500,000",7 to 14,50,389.0,0,0,4,0,4,2,23816.74,8.28,197202.6072
Commercial,North America,4646 to 9290,"50,001 to 100,000",1 to 6,50,391.0,0,0,4,3,7,0,5437.64,1.68,9135.235200000001
Commercial,Asia-Pacific,2324 to 4645,"25,001 to 50,000",7 to 14,60,391.7,0,0,1,1,5,2,2767.53,8.29,22942.8237
Commercial,North America,46452 to 92903,"500,001 to 1 million",7 to 14,50,392.0,0,0,4,2,8,2,50896.2,8.29,421929.4979999999
Commercial,North America,46452 to 92903,"500,001 to 1 million",More than 25,40,392.0,1,0,4,2,8,3,50896.2,27.33,1390993.146
Commercial,North America,Over 92903,Over 1 million,More than 25,40,393.1,1,0,4,9,9,3,102538.32,27.33,2802372.2856
Commercial,Asia-Pacific,18581 to 46451,"200,001 to 500,000",1 to 6,40,393.7,0,0,1,0,4,0,23890.62,1.68,40136.241599999994
Commercial,North America,4646 to 9290,"50,001 to 100,000",7 to 14,75,394.5,0,0,4,3,7,2,5445.28,8.3,45195.824
Commercial,North America,46452 to 92903,"500,001 to 1 million",More than 25,40,396.5,1,0,4,2,8,3,50964.69,27.36,1394393.9184
Commercial,North America,18581 to 46451,"200,001 to 500,000",1 to 6,50,399.0,0,0,4,0,4,0,23973.93,1.69,40515.941699999996
Commercial,Europe,9291 to 18580,"100,001 to 200,000",7 to 14,50,399.0,0,0,2,5,3,2,11136.49,8.32,92655.5968
Commercial,Asia-Pacific,9291 to 18580,"100,001 to 200,000",1 to 6,40,401.0,0,0,1,5,3,0,11146.58,1.7,18949.185999999998
Commercial,Asia-Pacific,46452 to 92903,"500,001 to 1 million",More than 25,50,401.0,1,0,1,2,8,3,51033.18,27.4,1398309.132
Commercial,North America,4646 to 9290,"50,001 to 100,000",1 to 6,50,401.0,0,0,4,3,7,0,5459.47,1.7,9281.099
Commercial,North America,Over 92903,Over 1 million,More than 25,50,402.0,1,0,4,9,9,3,102842.3,27.41,2818907.443
Commercial,North America,9291 to 18580,"100,001 to 200,000",1 to 6,50,402.0,0,0,4,5,3,0,11151.63,1.7,18957.770999999997
Commercial,North America,Over 92903,Over 1 million,More than 25,50,405.0,1,0,4,9,9,3,102944.77,27.43,2823775.0411
Commercial,North America,18581 to 46451,"200,001 to 500,000",7 to 14,50,406.0,0,0,4,0,4,2,24083.95,8.35,201100.98249999998
Residential,Asia-Pacific,2324 to 4645,"25,001 to 50,000",15 to 25,60,407.1,1,3,1,1,5,1,2788.01,18.28,50964.82280000001
Commercial,Africa,18581 to 46451,"200,001 to 500,000",7 to 14,50,408.0,1,0,0,0,4,2,24115.39,8.36,201604.6604
Commercial,North America,930 to 2323,"10,001 to 25,000",1 to 6,50,409.0,0,0,4,7,2,0,1123.77,1.71,1921.6467
Residential,North America,18581 to 46451,"200,001 to 500,000",15 to 25,40,411.5,1,3,4,0,4,1,24170.4,18.32,442801.72800000006
Commercial,Asia-Pacific,9291 to 18580,"100,001 to 200,000",7 to 14,40,413.0,1,0,1,5,3,2,11207.14,8.37,93803.7618
Commercial,North America,4646 to 9290,"50,001 to 100,000",1 to 6,50,413.0,0,0,4,3,7,0,5485.66,1.72,9435.3352
Commercial,North America,930 to 2323,"10,001 to 25,000",1 to 6,75,415.9,0,0,4,7,2,0,1127.34,1.72,1939.0248
Commercial,Middle East,18581 to 46451,"200,001 to 500,000",1 to 6,50,416.0,0,0,3,0,4,0,24241.14,1.72,41694.7608
Commercial,Asia-Pacific,18581 to 46451,"200,001 to 500,000",1 to 6,40,417.3,0,0,1,0,4,0,24261.57,1.73,41972.5161
Commercial,North America,18581 to 46451,"200,001 to 500,000",More than 25,40,417.3,1,0,4,0,4,3,24261.57,27.53,667921.0221000001
Commercial,North America,18581 to 46451,"200,001 to 500,000",More than 25,40,417.7,1,0,4,0,4,3,24267.86,27.54,668336.8644
Commercial,Asia-Pacific,18581 to 46451,"200,001 to 500,000",1 to 6,40,421.0,0,0,1,0,4,0,24319.73,1.73,42073.1329
Commercial,North America,18581 to 46451,"200,001 to 500,000",7 to 14,50,421.0,1,0,4,0,4,2,24319.73,8.41,204528.9293
Commercial,North America,4646 to 9290,"50,001 to 100,000",7 to 14,50,422.0,1,0,4,3,7,2,5505.3,8.41,46299.573000000004
Residential,Asia-Pacific,46452 to 92903,"500,001 to 1 million",More than 25,40,422.1,1,3,1,2,8,3,51354.32,27.57,1415838.6024
Commercial,Europe,2324 to 4645,"25,001 to 50,000",1 to 6,50,423.0,0,0,2,1,5,0,2809.17,1.74,4887.9558
Residential,Asia-Pacific,46452 to 92903,"500,001 to 1 million",More than 25,50,424.0,1,3,1,2,8,3,51383.23,27.59,1417663.3157000002
Commercial,North America,2324 to 4645,"25,001 to 50,000",1 to 6,50,424.0,0,0,4,1,5,0,2810.5,1.74,4890.2699999999995
Commercial,North America,9291 to 18580,"100,001 to 200,000",1 to 6,50,425.0,0,0,4,5,3,0,11267.69,1.74,19605.780600000002
Residential,North America,18581 to 46451,"200,001 to 500,000",More than 25,40,427.1,1,3,4,0,4,3,24415.61,27.61,674114.9921
Commercial,North America,46452 to 92903,"500,001 to 1 million",More than 25,50,428.0,1,0,4,2,8,3,51444.11,27.62,1420886.3182
Residential,North America,Over 92903,Over 1 million,More than 25,40,430.0,1,3,4,9,9,3,103798.66,27.64,2868994.9624
Commercial,North America,4646 to 9290,"50,001 to 100,000",1 to 6,40,430.3,0,0,4,3,7,0,5523.42,1.75,9665.985
Commercial,Asia-Pacific,9291 to 18580,"100,001 to 200,000",1 to 6,40,431.0,0,0,1,5,3,0,11297.97,1.75,19771.4475
Commercial,Europe,46452 to 92903,"500,001 to 1 million",More than 25,40,432.3,1,0,2,2,8,3,51509.56,27.66,1424754.4296
Commercial,Middle East,46452 to 92903,"500,001 to 1 million",More than 25,50,433.0,1,0,3,2,8,3,51520.21,27.66,1425049.0086
Commercial,North America,9291 to 18580,"100,001 to 200,000",1 to 6,50,435.0,0,0,4,5,3,0,11318.16,1.76,19919.9616
Commercial,North America,18581 to 46451,"200,001 to 500,000",15 to 25,50,436.0,1,0,4,0,4,1,24555.5,18.54,455258.97
Residential,North America,18581 to 46451,"200,001 to 500,000",15 to 25,40,436.3,1,3,4,0,4,1,24560.22,18.54,455346.4788
Residential,Europe,18581 to 46451,"200,001 to 500,000",7 to 14,50,437.0,1,3,2,0,4,2,24571.22,8.47,208118.23340000003
Commercial,Middle East,46452 to 92903,"500,001 to 1 million",15 to 25,40,437.3,1,0,3,2,8,1,51585.66,18.55,956913.9930000001
Commercial,North America,46452 to 92903,"500,001 to 1 million",7 to 14,50,438.0,1,0,4,2,8,2,51596.31,8.47,437020.7457
Commercial,Asia-Pacific,Over 92903,Over 1 million,More than 25,40,439.3,1,0,1,9,9,3,104116.31,27.71,2885062.9501
Commercial,North America,9291 to 18580,"100,001 to 200,000",1 to 6,50,440.0,0,0,4,5,3,0,11343.39,1.77,20077.8003
Residential,Europe,466 to 929,"5,001 to 10,000",1 to 6,40,441.7,0,3,2,4,6,0,527.03,1.77,932.8430999999999
Commercial,Asia-Pacific,Over 92903,Over 1 million,More than 25,50,442.0,1,0,1,9,9,3,104208.53,27.74,2890744.6221999996
Commercial,Europe,18581 to 46451,"200,001 to 500,000",7 to 14,60,442.1,1,0,2,0,4,2,24651.38,8.49,209290.21620000002
Commercial,Asia-Pacific,9291 to 18580,"100,001 to 200,000",15 to 25,40,443.2,1,0,1,5,3,1,11359.54,18.6,211287.44400000005
Residential,North America,930 to 2323,"10,001 to 25,000",1 to 6,50,444.0,0,3,4,7,2,0,1141.87,1.78,2032.5285999999999
Commercial,North America,2324 to 4645,"25,001 to 50,000",1 to 6,50,445.0,0,0,4,1,5,0,2838.43,1.78,5052.4054
Commercial,Europe,9291 to 18580,"100,001 to 200,000",7 to 14,40,445.8,1,0,2,5,3,2,11372.66,8.5,96667.61
Commercial,North America,18581 to 46451,"200,001 to 500,000",7 to 14,50,446.0,1,0,4,0,4,2,24712.68,8.5,210057.78
Residential,Asia-Pacific,4646 to 9290,"50,001 to 100,000",7 to 14,60,447.0,1,3,1,3,7,2,5559.87,8.51,47314.4937
Commercial,North America,46452 to 92903,"500,001 to 1 million",7 to 14,40,449.3,1,0,4,2,8,2,51768.3,8.51,440548.233
Commercial,North America,466 to 929,"5,001 to 10,000",1 to 6,50,450.5,0,0,4,4,6,0,528.57,1.79,946.1403000000001
Commercial,Middle East,18581 to 46451,"200,001 to 500,000",15 to 25,50,453.0,1,0,3,0,4,1,24822.71,18.69,463936.4499
Commercial,Asia-Pacific,Over 92903,Over 1 million,7 to 14,40,454.6,1,0,1,9,9,2,104638.89,8.54,893616.1205999999
Commercial,North America,18581 to 46451,"200,001 to 500,000",7 to 14,40,454.7,1,0,4,0,4,2,24849.43,8.54,212214.1322
Commercial,Europe,9291 to 18580,"100,001 to 200,000",7 to 14,60,455.6,1,0,2,5,3,2,11422.12,8.54,97544.9048
Commercial,North America,4646 to 9290,"50,001 to 100,000",1 to 6,50,456.0,0,0,4,3,7,0,5579.51,1.8,10043.118
Residential,North America,18581 to 46451,"200,001 to 500,000",7 to 14,40,457.2,1,3,4,0,4,2,24888.73,8.55,212798.64150000003
Commercial,Europe,4646 to 9290,"50,001 to 100,000",7 to 14,60,457.6,1,0,2,3,7,2,5583.01,8.55,47734.7355
Residential,North America,18581 to 46451,"200,001 to 500,000",7 to 14,50,459.0,1,3,4,0,4,2,24917.02,8.55,213040.521
Commercial,North America,9291 to 18580,"100,001 to 200,000",1 to 6,40,459.3,0,0,4,5,3,0,11440.79,1.8,20593.422000000002
Commercial,Asia-Pacific,46452 to 92903,"500,001 to 1 million",15 to 25,40,459.5,1,0,1,2,8,1,51923.54,18.74,973047.1395999999
Commercial,Europe,9291 to 18580,"100,001 to 200,000",1 to 6,60,460.3,0,0,2,5,3,0,11445.83,1.81,20716.9523
Commercial,Europe,9291 to 18580,"100,001 to 200,000",7 to 14,60,460.7,1,0,2,5,3,2,11447.85,8.56,97993.596
Commercial,North America,9291 to 18580,"100,001 to 200,000",1 to 6,40,461.5,0,0,4,5,3,0,11451.89,1.81,20727.9209
Commercial,Asia-Pacific,46452 to 92903,"500,001 to 1 million",More than 25,40,462.1,1,0,1,2,8,3,51963.11,27.9,1449770.7689999999
Residential,Asia-Pacific,9291 to 18580,"100,001 to 200,000",More than 25,100,463.0,1,3,1,5,3,3,11459.46,27.91,319833.52859999996
Residential,Europe,94 to 465,"1,001 to 5,000",7 to 14,60,463.8,1,3,2,8,1,2,207.68,8.57,1779.8176
Commercial,North America,9291 to 18580,"100,001 to 200,000",1 to 6,40,464.0,0,0,4,5,3,0,11464.51,1.81,20750.7631
Commercial,Asia-Pacific,18581 to 46451,"200,001 to 500,000",1 to 6,40,464.2,0,0,1,0,4,0,24998.75,1.81,45247.7375
Commercial,North America,46452 to 92903,"500,001 to 1 million",7 to 14,40,466.7,1,0,4,2,8,2,52033.12,8.58,446444.1696
Commercial,Europe,18581 to 46451,"200,001 to 500,000",7 to 14,40,467.6,1,0,2,0,4,2,25052.2,8.59,215198.39800000002
Commercial,Asia-Pacific,Over 92903,Over 1 million,More than 25,40,470.7,1,0,1,9,9,3,105188.8,27.97,2942130.736
Commercial,North America,4646 to 9290,"50,001 to 100,000",1 to 6,40,471.0,0,0,4,3,7,0,5612.25,1.83,10270.4175
Industrial,Europe,2324 to 4645,"25,001 to 50,000",1 to 6,60,471.3,0,2,2,1,5,0,2873.42,1.83,5258.3586000000005
Residential,Asia-Pacific,18581 to 46451,"200,001 to 500,000",More than 25,40,472.5,1,3,1,0,4,3,25129.22,27.99,703366.8678
Residential,North America,46452 to 92903,"500,001 to 1 million",15 to 25,40,477.7,1,3,4,2,8,1,52200.54,18.9,986590.2059999999
Commercial,North America,930 to 2323,"10,001 to 25,000",1 to 6,50,478.0,0,0,4,7,2,0,1159.45,1.84,2133.3880000000004
Commercial,North America,4646 to 9290,"50,001 to 100,000",1 to 6,50,480.0,0,0,4,3,7,0,5631.9,1.84,10362.696
Commercial,North America,18581 to 46451,"200,001 to 500,000",7 to 14,50,480.0,1,0,4,0,4,2,25247.1,8.63,217882.473
Commercial,Asia-Pacific,46452 to 92903,"500,001 to 1 million",More than 25,40,483.7,1,0,1,2,8,3,52291.86,28.08,1468355.4287999999
Commercial,Asia-Pacific,18581 to 46451,"200,001 to 500,000",More than 25,40,484.9,1,0,1,0,4,3,25324.12,28.09,711354.5308
Commercial,North America,930 to 2323,"10,001 to 25,000",1 to 6,50,485.0,0,0,4,7,2,0,1163.07,1.85,2151.6795
Commercial,North America,4646 to 9290,"50,001 to 100,000",1 to 6,50,487.0,0,0,4,3,7,0,5647.18,1.85,10447.283000000001
Commercial,Asia-Pacific,46452 to 92903,"500,001 to 1 million",15 to 25,40,490.0,1,0,1,2,8,1,52387.74,19.01,995890.9374
Commercial,Europe,46452 to 92903,"500,001 to 1 million",15 to 25,50,493.4,1,0,2,2,8,1,52439.49,19.04,998447.8895999999
Residential,North America,18581 to 46451,"200,001 to 500,000",More than 25,40,494.0,1,3,4,0,4,3,25467.16,28.16,717155.2256
Commercial,Asia-Pacific,Over 92903,Over 1 million,More than 25,40,497.9,1,0,1,9,9,3,106117.84,28.2,2992523.088
Commercial,Europe,4646 to 9290,"50,001 to 100,000",1 to 6,40,500.2,0,0,2,3,7,0,5675.99,1.88,10670.8612
Residential,Asia-Pacific,4646 to 9290,"50,001 to 100,000",7 to 14,40,501.3,1,3,1,3,7,2,5678.39,8.71,49458.776900000004
Residential,Asia-Pacific,46452 to 92903,"500,001 to 1 million",More than 25,40,504.1,1,3,1,2,8,3,52602.34,28.25,1486016.105
Residential,Asia-Pacific,2324 to 4645,"25,001 to 50,000",7 to 14,40,505.9,1,3,1,1,5,2,2919.45,8.73,25486.7985
Commercial,North America,18581 to 46451,"200,001 to 500,000",1 to 6,50,507.0,0,0,4,0,4,0,25671.5,1.89,48519.134999999995
Commercial,Africa,46452 to 92903,"500,001 to 1 million",7 to 14,50,508.0,1,0,0,2,8,2,52661.7,8.74,460263.258
Commercial,North America,4646 to 9290,"50,001 to 100,000",1 to 6,50,509.0,0,0,4,3,7,0,5695.19,1.89,10763.909099999999
Commercial,North America,9291 to 18580,"100,001 to 200,000",1 to 6,50,510.0,0,0,4,5,3,0,11696.64,1.9,22223.615999999998
Commercial,North America,930 to 2323,"10,001 to 25,000",1 to 6,50,515.0,0,0,4,7,2,0,1178.59,1.91,2251.1068999999998
Commercial,North America,9291 to 18580,"100,001 to 200,000",1 to 6,50,516.0,0,0,4,5,3,0,11726.92,1.91,22398.4172
Commercial,North America,466 to 929,"5,001 to 10,000",1 to 6,50,517.1,0,0,4,4,6,0,540.19,1.91,1031.7629000000002
Residential,Asia-Pacific,18581 to 46451,"200,001 to 500,000",1 to 6,40,517.5,0,3,1,0,4,0,25836.54,1.91,49347.7914
Commercial,North America,18581 to 46451,"200,001 to 500,000",1 to 6,40,519.1,0,0,4,0,4,0,25861.69,1.91,49395.8279
Commercial,Europe,18581 to 46451,"200,001 to 500,000",7 to 14,40,519.5,1,0,2,0,4,2,25867.97,8.78,227120.77659999998
Commercial,North America,Over 92903,Over 1 million,More than 25,40,520.8,1,0,4,9,9,3,106900.0,28.38,3033822.0
Residential,Asia-Pacific,18581 to 46451,"200,001 to 500,000",1 to 6,40,521.2,0,3,1,0,4,0,25894.69,1.92,49717.8048
Commercial,North America,466 to 929,"5,001 to 10,000",1 to 6,50,522.2,0,0,4,4,6,0,541.08,1.92,1038.8736000000001
Commercial,North America,46452 to 92903,"500,001 to 1 million",15 to 25,40,522.9,1,0,4,2,8,1,52888.48,19.3,1020747.6640000001
Residential,Europe,18581 to 46451,"200,001 to 500,000",7 to 14,50,528.0,1,3,2,0,4,2,26001.58,8.82,229333.93560000003
Residential,Asia-Pacific,2324 to 4645,"25,001 to 50,000",15 to 25,60,528.5,1,3,1,1,5,1,2949.51,19.35,57073.018500000006
Commercial,Asia-Pacific,Over 92903,Over 1 million,More than 25,40,528.5,1,0,1,9,9,3,107163.0,28.45,3048787.35
Commercial,North America,4646 to 9290,"50,001 to 100,000",1 to 6,50,529.0,0,0,4,3,7,0,5738.85,1.93,11075.9805
Commercial,Asia-Pacific,46452 to 92903,"500,001 to 1 million",More than 25,40,529.2,1,0,1,2,8,3,52984.36,28.45,1507405.042
Commercial,Asia-Pacific,18581 to 46451,"200,001 to 500,000",15 to 25,40,531.9,1,0,1,0,4,1,26062.88,19.38,505098.6144
Commercial,North America,466 to 929,"5,001 to 10,000",1 to 6,50,532.0,0,0,4,4,6,0,542.79,1.94,1053.0125999999998
Commercial,Europe,18581 to 46451,"200,001 to 500,000",7 to 14,60,532.1,1,0,2,0,4,2,26066.02,8.83,230162.9566
Commercial,Europe,18581 to 46451,"200,001 to 500,000",7 to 14,60,532.1,1,0,2,0,4,2,26066.02,8.83,230162.9566
Commercial,North America,930 to 2323,"10,001 to 25,000",1 to 6,50,533.0,0,0,4,7,2,0,1187.89,1.94,2304.5066
Commercial,North America,46452 to 92903,"500,001 to 1 million",15 to 25,50,533.0,1,0,4,2,8,1,53042.2,19.39,1028488.258
Commercial,Europe,18581 to 46451,"200,001 to 500,000",1 to 6,60,534.0,0,0,2,0,4,0,26095.89,1.94,50626.0266
Commercial,Asia-Pacific,46452 to 92903,"500,001 to 1 million",7 to 14,50,535.0,1,0,1,2,8,2,53072.64,8.84,469162.1376
Commercial,Asia-Pacific,46452 to 92903,"500,001 to 1 million",More than 25,40,538.6,1,0,1,2,8,3,53127.43,28.53,1515725.5779000001
Residential,North America,18581 to 46451,"200,001 to 500,000",15 to 25,40,540.0,1,3,4,0,4,1,26190.2,19.45,509399.39
Commercial,North America,466 to 929,"5,001 to 10,000",1 to 6,50,542.0,0,0,4,4,6,0,544.53,1.96,1067.2787999999998
Commercial,North America,2324 to 4645,"25,001 to 50,000",1 to 6,40,542.7,1,0,4,1,5,0,2968.4,1.96,5818.064
Commercial,Middle East,2324 to 4645,"25,001 to 50,000",1 to 6,50,544.0,0,0,3,1,5,0,2970.13,1.96,5821.4548
Commercial,Asia-Pacific,9291 to 18580,"100,001 to 200,000",7 to 14,40,544.6,1,0,1,5,3,2,11871.25,8.88,105416.70000000001
Commercial,North America,18581 to 46451,"200,001 to 500,000",1 to 6,40,545.2,1,0,4,0,4,0,26271.93,1.96,51492.9828
Residential,Asia-Pacific,9291 to 18580,"100,001 to 200,000",7 to 14,40,545.4,1,3,1,5,3,2,11875.29,8.88,105452.57520000002
Commercial,Europe,4646 to 9290,"50,001 to 100,000",7 to 14,60,547.6,1,0,2,3,7,2,5779.44,8.89,51379.2216
Commercial,Asia-Pacific,46452 to 92903,"500,001 to 1 million",More than 25,40,549.3,1,0,1,2,8,3,53290.28,28.62,1525167.8136
Commercial,North America,466 to 929,"5,001 to 10,000",1 to 6,50,549.5,0,0,4,4,6,0,545.84,1.97,1075.3048000000001
Commercial,Asia-Pacific,46452 to 92903,"500,001 to 1 million",More than 25,40,550.0,1,0,1,2,8,3,53300.94,28.62,1525472.9028
Residential,Asia-Pacific,9291 to 18580,"100,001 to 200,000",7 to 14,40,550.7,1,3,1,5,3,2,11902.03,8.91,106047.08730000001
Commercial,Europe,9291 to 18580,"100,001 to 200,000",7 to 14,60,550.7,1,0,2,5,3,2,11902.03,8.91,106047.08730000001
Residential,Europe,94 to 465,"1,001 to 5,000",7 to 14,60,553.8,1,3,2,8,1,2,230.81,8.92,2058.8252
Commercial,Europe,9291 to 18580,"100,001 to 200,000",7 to 14,40,557.8,1,0,2,5,3,2,11937.86,8.93,106605.0898
Commercial,North America,46452 to 92903,"500,001 to 1 million",7 to 14,50,561.0,1,0,4,2,8,2,53468.35,8.94,478007.04899999994
Commercial,North America,Over 92903,Over 1 million,15 to 25,50,562.0,1,0,4,9,9,1,108307.21,19.64,2127153.6044
Commercial,North America,46452 to 92903,"500,001 to 1 million",7 to 14,40,564.1,1,0,4,2,8,2,53515.54,8.96,479499.23840000003
Commercial,Europe,2324 to 4645,"25,001 to 50,000",1 to 6,40,566.9,0,0,2,1,5,0,3000.6,2.0,6001.2
Commercial,Middle East,Over 92903,Over 1 million,More than 25,40,569.7,1,0,3,9,9,3,108570.21,28.78,3124650.6438
Commercial,Middle East,9291 to 18580,"100,001 to 200,000",1 to 6,50,570.0,0,0,3,5,3,0,11999.43,2.01,24118.8543
Commercial,Asia-Pacific,46452 to 92903,"500,001 to 1 million",15 to 25,40,571.9,1,0,1,2,8,1,53634.25,19.73,1058203.7525
Commercial,North America,4646 to 9290,"50,001 to 100,000",1 to 6,50,576.0,0,0,4,3,7,0,5841.43,2.02,11799.688600000001
Commercial,North America,4646 to 9290,"50,001 to 100,000",1 to 6,50,577.0,0,0,4,3,7,0,5843.61,2.02,11804.0922
Residential,Asia-Pacific,2324 to 4645,"25,001 to 50,000",7 to 14,50,578.2,1,3,1,1,5,2,3015.63,9.01,27170.8263
Commercial,Asia-Pacific,46452 to 92903,"500,001 to 1 million",More than 25,40,578.6,1,0,1,2,8,3,53736.22,28.86,1550827.3092
Commercial,North America,46452 to 92903,"500,001 to 1 million",15 to 25,40,580.4,1,0,4,2,8,1,53763.62,19.8,1064519.676
Commercial,Asia-Pacific,18581 to 46451,"200,001 to 500,000",More than 25,40,581.1,1,0,1,0,4,3,26836.22,28.88,775030.0336
Commercial,Asia-Pacific,Over 92903,Over 1 million,More than 25,40,581.3,1,0,1,9,9,3,108966.42,28.88,3146950.2095999997
Residential,North America,Over 92903,Over 1 million,More than 25,40,582.1,1,3,4,9,9,3,108993.74,28.89,3148829.1486000004
Commercial,North America,930 to 2323,"10,001 to 25,000",1 to 6,50,583.0,0,0,4,7,2,0,1213.75,2.03,2463.9125
Commercial,Europe,4646 to 9290,"50,001 to 100,000",1 to 6,60,583.3,0,0,2,3,7,0,5857.36,2.03,11890.440799999998
Commercial,Asia-Pacific,930 to 2323,"10,001 to 25,000",7 to 14,40,583.6,1,0,1,7,2,2,1214.06,9.03,10962.9618
Commercial,Asia-Pacific,4646 to 9290,"50,001 to 100,000",1 to 6,40,584.6,0,0,1,3,7,0,5860.2,2.03,11896.205999999998
Commercial,North America,46452 to 92903,"500,001 to 1 million",More than 25,40,587.2,1,0,4,2,8,3,53867.11,28.93,1558375.4923
Residential,North America,46452 to 92903,"500,001 to 1 million",More than 25,40,587.6,1,3,4,2,8,3,53873.2,28.93,1558551.676
Commercial,Asia-Pacific,Over 92903,Over 1 million,7 to 14,40,589.1,1,0,1,9,9,2,109232.83,9.05,988557.1115000001
Commercial,Asia-Pacific,Over 92903,Over 1 million,7 to 14,40,590.4,1,0,1,9,9,2,109277.24,9.06,990051.7944000001
Residential,Asia-Pacific,46452 to 92903,"500,001 to 1 million",7 to 14,40,591.6,1,3,1,2,8,2,53934.08,9.06,488642.76480000006
Commercial,Asia-Pacific,Over 92903,Over 1 million,More than 25,40,591.7,1,0,1,9,9,3,109321.64,28.97,3167047.9107999997
Commercial,North America,9291 to 18580,"100,001 to 200,000",1 to 6,40,592.2,0,0,4,5,3,0,12111.46,2.05,24828.492999999995
Commercial,North America,2324 to 4645,"25,001 to 50,000",1 to 6,50,594.0,0,0,4,1,5,0,3036.65,2.05,6225.1325
Commercial,North America,18581 to 46451,"200,001 to 500,000",7 to 14,50,594.0,1,0,4,0,4,2,27038.98,9.07,245243.5486
Commercial,Middle East,46452 to 92903,"500,001 to 1 million",More than 25,50,597.0,1,0,3,2,8,3,54016.27,29.01,1567011.9927
Commercial,North America,18581 to 46451,"200,001 to 500,000",1 to 6,50,598.0,0,0,4,0,4,0,27101.85,2.06,55829.811
Residential,Asia-Pacific,46452 to 92903,"500,001 to 1 million",More than 25,40,598.7,1,3,1,2,8,3,54042.14,29.02,1568302.9028
Commercial,North America,9291 to 18580,"100,001 to 200,000",1 to 6,50,601.0,0,0,4,5,3,0,12155.87,2.06,25041.092200000003
Commercial,Africa,2324 to 4645,"25,001 to 50,000",1 to 6,100,604.9,0,0,0,1,5,0,3051.15,2.07,6315.880499999999
Commercial,Asia-Pacific,18581 to 46451,"200,001 to 500,000",More than 25,40,607.2,1,0,1,0,4,3,27246.46,29.09,792599.5214
Commercial,Asia-Pacific,Over 92903,Over 1 million,More than 25,40,607.4,1,0,1,9,9,3,109857.88,29.09,3195765.7292
Commercial,North America,9291 to 18580,"100,001 to 200,000",1 to 6,50,610.0,0,0,4,5,3,0,12201.29,2.08,25378.683200000003
Commercial,Asia-Pacific,Over 92903,Over 1 million,15 to 25,40,612.6,1,0,1,9,9,1,110035.49,20.09,2210612.9941000002
Commercial,Asia-Pacific,Over 92903,Over 1 million,More than 25,40,612.7,1,0,1,9,9,3,110038.91,29.14,3206533.8374
Commercial,Asia-Pacific,46452 to 92903,"500,001 to 1 million",More than 25,40,614.7,1,0,1,2,8,3,54285.66,29.15,1582426.989
Commercial,Asia-Pacific,Over 92903,Over 1 million,7 to 14,40,614.7,1,0,1,9,9,2,110107.22,9.15,1007481.0630000001
Commercial,Asia-Pacific,18581 to 46451,"200,001 to 500,000",7 to 14,40,615.3,1,0,1,0,4,2,27373.78,9.15,250470.087
Commercial,North America,466 to 929,"5,001 to 10,000",1 to 6,50,617.0,0,0,4,4,6,0,557.62,2.09,1165.4258
Commercial,Asia-Pacific,18581 to 46451,"200,001 to 500,000",1 to 6,40,617.4,0,0,1,0,4,0,27406.79,2.09,57280.1911
Commercial,North America,4646 to 9290,"50,001 to 100,000",1 to 6,50,621.0,0,0,4,3,7,0,5939.65,2.1,12473.265
Commercial,Middle East,Over 92903,Over 1 million,More than 25,60,623.1,1,0,3,9,9,3,110394.13,29.22,3225716.4786
Commercial,Asia-Pacific,46452 to 92903,"500,001 to 1 million",1 to 6,40,627.4,0,0,1,2,8,0,54478.95,2.11,114950.58449999998
Residential,Asia-Pacific,2324 to 4645,"25,001 to 50,000",7 to 14,50,629.5,1,3,1,1,5,2,3083.88,9.21,28402.534800000005
Commercial,Asia-Pacific,46452 to 92903,"500,001 to 1 million",15 to 25,40,629.8,1,0,1,2,8,1,54515.48,20.24,1103393.3152
Commercial,Europe,46452 to 92903,"500,001 to 1 million",More than 25,40,631.6,1,0,2,2,8,3,54542.88,29.29,1597560.9552
Residential,Asia-Pacific,Over 92903,Over 1 million,More than 25,50,639.0,1,3,1,9,9,3,110937.2,29.35,3256006.8200000003
Commercial,North America,46452 to 92903,"500,001 to 1 million",7 to 14,40,639.2,1,0,4,2,8,2,54658.55,9.25,505591.5875
Residential,Asia-Pacific,18581 to 46451,"200,001 to 500,000",15 to 25,40,639.3,1,3,1,0,4,1,27751.02,20.32,563900.7264
Commercial,Europe,2324 to 4645,"25,001 to 50,000",1 to 6,50,643.0,0,0,2,1,5,0,3101.83,2.14,6637.916200000001
Commercial,Asia-Pacific,46452 to 92903,"500,001 to 1 million",More than 25,40,643.4,1,0,1,2,8,3,54722.47,29.39,1608293.3933
Commercial,North America,930 to 2323,"10,001 to 25,000",1 to 6,50,644.0,0,0,4,7,2,0,1245.3,2.14,2664.942
Commercial,North America,2324 to 4645,"25,001 to 50,000",1 to 6,50,645.0,0,0,4,1,5,0,3104.5,2.14,6643.63
Commercial,Europe,46452 to 92903,"500,001 to 1 million",More than 25,40,646.4,1,0,2,2,8,3,54768.13,29.42,1611278.3846
Commercial,North America,466 to 929,"5,001 to 10,000",1 to 6,40,647.4,0,0,4,4,6,0,562.93,2.15,1210.2994999999999
Commercial,North America,2324 to 4645,"25,001 to 50,000",1 to 6,50,648.0,0,0,4,1,5,0,3108.49,2.15,6683.253499999999
Commercial,North America,4646 to 9290,"50,001 to 100,000",1 to 6,50,651.0,0,0,4,3,7,0,6005.13,2.16,12971.080800000002
Commercial,Asia-Pacific,46452 to 92903,"500,001 to 1 million",More than 25,40,652.0,1,0,1,2,8,3,54853.36,29.46,1615979.9856
Commercial,North America,4646 to 9290,"50,001 to 100,000",1 to 6,50,652.0,0,0,4,3,7,0,6007.31,2.16,12975.789600000002
Commercial,Middle East,Over 92903,Over 1 million,1 to 6,40,653.4,0,0,3,9,9,0,111429.04,2.16,240686.7264
Residential,North America,18581 to 46451,"200,001 to 500,000",More than 25,50,655.0,1,3,4,0,4,3,27997.79,29.49,825654.8271
Commercial,Asia-Pacific,46452 to 92903,"500,001 to 1 million",More than 25,40,656.9,1,0,1,2,8,3,54927.94,29.5,1620374.23
Commercial,North America,94 to 465,"1,001 to 5,000",1 to 6,50,661.0,0,0,4,8,1,0,258.36,2.17,560.6412
Commercial,North America,18581 to 46451,"200,001 to 500,000",7 to 14,50,661.0,1,0,4,0,4,2,28092.1,9.33,262099.29299999998
Commercial,Asia-Pacific,9291 to 18580,"100,001 to 200,000",15 to 25,40,661.6,1,0,1,5,3,1,12461.68,20.52,255713.6736
Commercial,North America,9291 to 18580,"100,001 to 200,000",1 to 6,50,662.0,0,0,4,5,3,0,12463.7,2.18,27170.866
Commercial,Europe,4646 to 9290,"50,001 to 100,000",1 to 6,30,664.1,1,0,2,3,7,0,6033.72,2.18,13153.509600000001
Commercial,North America,4646 to 9290,"50,001 to 100,000",1 to 6,50,665.0,0,0,4,3,7,0,6035.69,2.18,13157.8042
Commercial,Asia-Pacific,46452 to 92903,"500,001 to 1 million",More than 25,40,667.0,1,0,1,2,8,3,55081.66,29.58,1629315.5028
Commercial,Asia-Pacific,46452 to 92903,"500,001 to 1 million",More than 25,40,667.4,1,0,1,2,8,3,55087.75,29.59,1630046.5225
Commercial,Asia-Pacific,4646 to 9290,"50,001 to 100,000",More than 25,40,677.8,1,0,1,3,7,3,6063.62,29.67,179907.6054
Residential,North America,46452 to 92903,"500,001 to 1 million",More than 25,40,692.2,1,3,4,2,8,3,55465.2,29.79,1652308.308
Commercial,Europe,2324 to 4645,"25,001 to 50,000",1 to 6,40,695.2,0,0,2,1,5,0,3171.28,2.24,7103.667200000001
Commercial,Europe,4646 to 9290,"50,001 to 100,000",More than 25,50,701.0,1,0,2,3,7,3,6114.26,29.86,182571.8036
Commercial,North America,18581 to 46451,"200,001 to 500,000",More than 25,40,701.9,1,0,4,0,4,3,28734.98,29.87,858313.8526
Commercial,Asia-Pacific,46452 to 92903,"500,001 to 1 million",7 to 14,40,704.7,1,0,1,2,8,2,55655.45,9.5,528726.775
Commercial,Asia-Pacific,46452 to 92903,"500,001 to 1 million",1 to 6,40,715.1,0,0,1,2,8,0,55813.73,2.27,126697.1671
Commercial,North America,Over 92903,Over 1 million,15 to 25,40,718.0,1,0,4,9,9,1,113635.5,21.01,2387481.855
Commercial,Europe,9291 to 18580,"100,001 to 200,000",7 to 14,40,719.0,1,0,2,5,3,2,12751.35,9.55,121775.39250000002
Commercial,North America,18581 to 46451,"200,001 to 500,000",1 to 6,40,723.6,0,0,4,0,4,0,29076.06,2.29,66584.1774
Commercial,Asia-Pacific,4646 to 9290,"50,001 to 100,000",1 to 6,40,724.0,0,0,1,3,7,0,6164.46,2.29,14116.6134
Residential,North America,46452 to 92903,"500,001 to 1 million",More than 25,40,726.7,1,3,4,2,8,3,55990.28,30.07,1683627.7196
Commercial,Asia-Pacific,9291 to 18580,"100,001 to 200,000",1 to 6,40,728.5,0,0,1,5,3,0,12799.29,2.3,29438.367
Commercial,Asia-Pacific,46452 to 92903,"500,001 to 1 million",More than 25,40,729.0,1,0,1,2,8,3,56025.29,30.09,1685800.9761
Commercial,Asia-Pacific,Over 92903,Over 1 million,More than 25,40,737.9,1,0,1,9,9,3,114315.2,30.17,3448889.5840000003
Commercial,North America,18581 to 46451,"200,001 to 500,000",1 to 6,50,742.0,0,0,4,0,4,0,29365.28,2.32,68127.44959999999
Commercial,Middle East,Over 92903,Over 1 million,More than 25,40,744.9,1,0,3,9,9,3,114554.29,30.22,3461830.6437999997
Commercial,North America,9291 to 18580,"100,001 to 200,000",1 to 6,50,746.0,0,0,4,5,3,0,12887.6,2.33,30028.108
Commercial,North America,2324 to 4645,"25,001 to 50,000",1 to 6,60,754.2,0,0,4,1,5,0,3249.77,2.35,7636.9595
Commercial,Asia-Pacific,Over 92903,Over 1 million,More than 25,40,754.7,1,0,1,9,9,3,114889.02,30.3,3481137.3060000003
Commercial,Europe,46452 to 92903,"500,001 to 1 million",More than 25,50,762.3,1,0,2,2,8,3,56532.11,30.37,1716880.1807000001
Residential,North America,466 to 929,"5,001 to 10,000",7 to 14,50,768.0,1,3,4,4,6,2,583.98,9.74,5687.965200000001
Commercial,Asia-Pacific,9291 to 18580,"100,001 to 200,000",7 to 14,40,774.7,1,0,1,5,3,2,13032.44,9.77,127326.9388
Commercial,Asia-Pacific,Over 92903,Over 1 million,More than 25,40,775.7,1,0,1,9,9,3,115606.28,30.48,3523679.4144
Commercial,North America,18581 to 46451,"200,001 to 500,000",1 to 6,50,782.0,0,0,4,0,4,0,29994.01,2.4,71985.624
Commercial,North America,18581 to 46451,"200,001 to 500,000",1 to 6,50,790.0,0,0,4,0,4,0,30119.76,2.41,72588.6216
Commercial,North America,4646 to 9290,"50,001 to 100,000",1 to 6,50,791.0,0,0,4,3,7,0,6310.7,2.41,15208.787
Commercial,North America,466 to 929,"5,001 to 10,000",1 to 6,50,795.0,0,0,4,4,6,0,588.69,2.42,1424.6298000000002
Commercial,Asia-Pacific,Over 92903,Over 1 million,More than 25,40,795.8,1,0,1,9,9,3,116292.81,30.64,3563211.6984
Commercial,North America,930 to 2323,"10,001 to 25,000",1 to 6,50,802.0,0,0,4,7,2,0,1327.0,2.43,3224.61
Commercial,North America,930 to 2323,"10,001 to 25,000",1 to 6,50,802.0,0,0,4,7,2,0,1327.0,2.43,3224.61
Commercial,North America,930 to 2323,"10,001 to 25,000",1 to 6,50,802.0,0,0,4,7,2,0,1327.0,2.43,3224.61
Commercial,Asia-Pacific,18581 to 46451,"200,001 to 500,000",7 to 14,50,803.2,1,0,1,0,4,2,30327.24,9.88,299633.13120000006
Commercial,Asia-Pacific,18581 to 46451,"200,001 to 500,000",15 to 25,40,804.9,1,0,1,0,4,1,30353.96,21.78,661109.2488000001
Commercial,Europe,Over 92903,Over 1 million,More than 25,40,806.5,1,0,2,9,9,3,116658.28,30.73,3584908.9444
Commercial,North America,2324 to 4645,"25,001 to 50,000",1 to 6,50,820.0,0,0,4,1,5,0,3337.3,2.47,8243.131000000001
Commercial,Asia-Pacific,4646 to 9290,"50,001 to 100,000",7 to 14,40,841.6,1,0,1,3,7,2,6421.14,10.03,64404.0342
Residential,Asia-Pacific,18581 to 46451,"200,001 to 500,000",15 to 25,40,842.8,1,3,1,0,4,1,30949.68,22.11,684297.4248
Residential,Asia-Pacific,18581 to 46451,"200,001 to 500,000",More than 25,40,852.8,1,3,1,0,4,3,31106.86,31.11,967734.4146
Commercial,Asia-Pacific,4646 to 9290,"50,001 to 100,000",1 to 6,40,856.4,0,0,1,3,7,0,6453.44,2.53,16327.203199999998
Commercial,Middle East,Over 92903,Over 1 million,More than 25,40,858.8,1,0,3,9,9,3,118444.62,31.16,3690734.3592
Commercial,North America,9291 to 18580,"100,001 to 200,000",1 to 6,50,863.0,0,0,4,5,3,0,13478.04,2.54,34234.221600000004
Residential,Asia-Pacific,2324 to 4645,"25,001 to 50,000",7 to 14,50,864.1,1,3,1,1,5,2,3395.97,10.11,34333.2567
Commercial,Middle East,18581 to 46451,"200,001 to 500,000",More than 25,50,870.0,1,0,3,0,4,3,31377.21,31.25,980537.8125
Commercial,North America,2324 to 4645,"25,001 to 50,000",1 to 6,50,871.0,0,0,4,1,5,0,3405.15,2.56,8717.184000000001
Commercial,North America,930 to 2323,"10,001 to 25,000",1 to 6,50,873.0,0,0,4,7,2,0,1363.72,2.56,3491.1232
Commercial,North America,930 to 2323,"10,001 to 25,000",1 to 6,50,876.0,0,0,4,7,2,0,1365.27,2.57,3508.7439
Commercial,Asia-Pacific,18581 to 46451,"200,001 to 500,000",1 to 6,40,881.0,0,0,1,0,4,0,31550.11,2.58,81399.2838
Commercial,North America,46452 to 92903,"500,001 to 1 million",7 to 14,40,896.9,1,0,4,2,8,2,58580.7,10.24,599866.368
Commercial,Asia-Pacific,9291 to 18580,"100,001 to 200,000",1 to 6,40,902.9,0,0,1,5,3,0,13679.39,2.62,35840.0018
Commercial,Asia-Pacific,Over 92903,Over 1 million,1 to 6,40,905.8,0,0,1,9,9,0,120049.94,2.62,314530.84280000004
Commercial,North America,9291 to 18580,"100,001 to 200,000",1 to 6,50,910.0,0,0,4,5,3,0,13715.22,2.63,36071.0286
Commercial,North America,9291 to 18580,"100,001 to 200,000",1 to 6,50,910.0,0,0,4,5,3,0,13715.22,2.63,36071.0286
Commercial,North America,46452 to 92903,"500,001 to 1 million",1 to 6,40,913.2,0,0,4,2,8,0,58828.79,2.64,155308.0056
Residential,Asia-Pacific,18581 to 46451,"200,001 to 500,000",More than 25,40,914.5,1,3,1,0,4,3,32076.68,31.62,1014264.6216000001
Commercial,North America,Over 92903,Over 1 million,15 to 25,40,917.4,1,0,4,9,9,1,120446.15,22.76,2741354.374
Commercial,Asia-Pacific,46452 to 92903,"500,001 to 1 million",1 to 6,40,925.9,0,0,1,2,8,0,59022.08,2.66,156998.73280000003
Commercial,North America,2324 to 4645,"25,001 to 50,000",1 to 6,50,927.0,0,0,4,1,5,0,3479.64,2.66,9255.8424
Commercial,North America,18581 to 46451,"200,001 to 500,000",7 to 14,50,935.0,1,0,4,0,4,2,32398.9,10.38,336300.58200000005
Commercial,Asia-Pacific,Over 92903,Over 1 million,More than 25,40,935.0,1,0,1,9,9,3,121047.29,31.79,3848093.3490999998
Commercial,North America,4646 to 9290,"50,001 to 100,000",1 to 6,50,950.0,0,0,4,3,7,0,6657.74,2.7,17975.898
Commercial,North America,Over 92903,Over 1 million,More than 25,40,965.1,1,0,4,9,9,3,122075.37,32.03,3910074.1011
Residential,North America,4646 to 9290,"50,001 to 100,000",7 to 14,50,974.0,0,3,4,3,7,2,6710.12,10.53,70657.5636
Commercial,North America,9291 to 18580,"100,001 to 200,000",1 to 6,50,979.0,0,0,4,5,3,0,14063.43,2.76,38815.0668
Commercial,North America,2324 to 4645,"25,001 to 50,000",1 to 6,20,993.3,0,0,4,1,5,0,3567.84,2.78,9918.5952
Commercial,North America,2324 to 4645,"25,001 to 50,000",1 to 6,50,995.0,0,0,4,1,5,0,3570.11,2.79,9960.6069
Commercial,North America,2324 to 4645,"25,001 to 50,000",1 to 6,50,1001.0,0,0,4,1,5,0,3578.09,2.8,10018.652
Commercial,Europe,18581 to 46451,"200,001 to 500,000",7 to 14,40,1001.3,1,0,2,0,4,2,33441.02,10.64,355812.45279999997
Residential,North America,94 to 465,"1,001 to 5,000",1 to 6,50,1004.0,0,3,4,8,1,0,346.52,2.8,970.2559999999999
Commercial,North America,466 to 929,"5,001 to 10,000",1 to 6,50,1009.0,0,0,4,4,6,0,626.03,2.81,1759.1443
Commercial,North America,46452 to 92903,"500,001 to 1 million",1 to 6,40,1055.6,0,0,4,2,8,0,60996.09,2.9,176888.661
Commercial,Middle East,Over 92903,Over 1 million,More than 25,50,1060.0,1,0,3,9,9,3,125316.75,32.81,4111642.5675000004
Commercial,Asia-Pacific,930 to 2323,"10,001 to 25,000",1 to 6,50,1065.0,0,0,1,7,2,0,1463.01,2.92,4271.9892
Commercial,North America,930 to 2323,"10,001 to 25,000",1 to 6,50,1082.0,0,0,4,7,2,0,1471.8,2.95,4341.81
Commercial,North America,18581 to 46451,"200,001 to 500,000",1 to 6,40,1103.3,0,0,4,0,4,0,35044.28,2.99,104782.3972
Commercial,North America,930 to 2323,"10,001 to 25,000",15 to 25,50,1108.0,1,0,4,7,2,1,1485.25,24.44,36299.51
Commercial,North America,18581 to 46451,"200,001 to 500,000",1 to 6,40,1147.4,0,0,4,0,4,0,35737.45,3.07,109713.97149999999
Commercial,Asia-Pacific,46452 to 92903,"500,001 to 1 million",1 to 6,40,1154.1,0,0,1,2,8,0,62495.25,3.08,192485.37
Commercial,North America,Over 92903,Over 1 million,More than 25,50,1167.0,1,0,4,9,9,3,128971.4,33.69,4345046.465999999
Commercial,Asia-Pacific,Over 92903,Over 1 million,15 to 25,40,1172.0,1,0,1,9,9,1,129142.18,25.0,3228554.5
Commercial,North America,930 to 2323,"10,001 to 25,000",1 to 6,40,1173.4,0,0,4,7,2,0,1519.07,3.11,4724.307699999999
Commercial,North America,9291 to 18580,"100,001 to 200,000",7 to 14,50,1186.0,1,0,4,5,3,2,15108.04,11.35,171476.25400000002
Commercial,North America,9291 to 18580,"100,001 to 200,000",1 to 6,50,1187.0,0,0,4,5,3,0,15113.09,3.14,47455.102600000006
Commercial,North America,9291 to 18580,"100,001 to 200,000",1 to 6,50,1194.0,0,0,4,5,3,0,15148.41,3.15,47717.4915
Commercial,North America,18581 to 46451,"200,001 to 500,000",1 to 6,50,1207.0,0,0,4,0,4,0,36674.26,3.18,116624.14680000002
Commercial,Middle East,4646 to 9290,"50,001 to 100,000",1 to 6,50,1247.0,0,0,3,3,7,0,7305.98,3.25,23744.434999999998
Commercial,North America,466 to 929,"5,001 to 10,000",1 to 6,50,1261.0,0,0,4,4,6,0,670.01,3.28,2197.6328
Commercial,Europe,46452 to 92903,"500,001 to 1 million",More than 25,40,1289.7,1,0,2,2,8,3,64559.06,34.7,2240199.382
Commercial,North America,466 to 929,"5,001 to 10,000",1 to 6,50,1294.0,0,0,4,4,6,0,675.77,3.34,2257.0717999999997
Commercial,North America,2324 to 4645,"25,001 to 50,000",1 to 6,50,1314.0,0,0,4,1,5,0,3994.48,3.37,13461.3976
Commercial,North America,4646 to 9290,"50,001 to 100,000",1 to 6,50,1386.0,0,0,4,3,7,0,7609.37,3.51,26708.8887
Commercial,North America,4646 to 9290,"50,001 to 100,000",1 to 6,50,1417.0,0,0,4,3,7,0,7677.03,3.56,27330.2268
Commercial,Middle East,Over 92903,Over 1 million,More than 25,20,1447.5,1,0,3,9,9,3,138552.07,36.0,4987874.5200000005
Commercial,North America,2324 to 4645,"25,001 to 50,000",1 to 6,50,1455.0,0,0,4,1,5,0,4182.05,3.63,15180.8415
Residential,Europe,94 to 465,"1,001 to 5,000",1 to 6,50,1465.0,0,3,2,8,1,0,465.0,3.65,1697.25
Commercial,North America,9291 to 18580,"100,001 to 200,000",1 to 6,50,1474.0,0,0,4,5,3,0,16561.42,3.67,60780.41139999999
Commercial,North America,930 to 2323,"10,001 to 25,000",1 to 6,50,1479.0,0,0,4,7,2,0,1677.1,3.68,6171.728
Commercial,North America,930 to 2323,"10,001 to 25,000",1 to 6,50,1604.0,0,0,4,7,2,0,1741.74,3.91,6810.2034
Commercial,North America,930 to 2323,"10,001 to 25,000",1 to 6,50,1604.0,0,0,4,7,2,0,1741.74,3.91,6810.2034
Commercial,North America,930 to 2323,"10,001 to 25,000",1 to 6,50,1604.0,0,0,4,7,2,0,1741.74,3.91,6810.2034
Commercial,North America,46452 to 92903,"500,001 to 1 million",1 to 6,50,1629.0,0,0,4,2,8,0,69723.16,3.95,275406.482
Commercial,North America,46452 to 92903,"500,001 to 1 million",7 to 14,40,1665.7,1,0,4,2,8,2,70281.73,13.2,927718.8359999999
Commercial,North America,466 to 929,"5,001 to 10,000",1 to 6,50,1707.0,0,0,4,4,6,0,747.85,4.09,3058.7065
Commercial,North America,930 to 2323,"10,001 to 25,000",1 to 6,50,1765.0,0,0,4,7,2,0,1825.0,4.2,7665.0
Commercial,North America,2324 to 4645,"25,001 to 50,000",1 to 6,50,1803.0,0,0,4,1,5,0,4645.0,4.27,19834.149999999998
Commercial,North America,18581 to 46451,"200,001 to 500,000",1 to 6,50,1824.0,0,0,4,0,4,0,46372.41,4.31,199865.0871
Commercial,North America,18581 to 46451,"200,001 to 500,000",1 to 6,50,1829.0,0,0,4,0,4,0,46451.0,4.32,200668.32
Commercial,North America,9291 to 18580,"100,001 to 200,000",7 to 14,50,1874.0,1,0,4,5,3,2,18580.0,14.0,260120.0
Commercial,North America,466 to 929,"5,001 to 10,000",1 to 6,50,1929.0,0,0,4,4,6,0,786.59,4.5,3539.655
Commercial,North America,930 to 2323,"10,001 to 25,000",1 to 6,50,2066.0,0,0,4,7,2,0,1980.66,4.75,9408.135
Commercial,North America,4646 to 9290,"50,001 to 100,000",1 to 6,50,2156.0,0,0,4,3,7,0,9290.0,4.92,45706.8
Commercial,North America,930 to 2323,"10,001 to 25,000",1 to 6,50,2156.0,0,0,4,7,2,0,2027.2,4.92,9973.824
Commercial,Middle East,Over 92903,Over 1 million,More than 25,50,2661.0,1,0,3,9,9,3,180000.0,45.97,8274600.0
Commercial,North America,930 to 2323,"10,001 to 25,000",1 to 6,50,2728.0,0,0,4,7,2,0,2323.0,5.97,13868.31
Commercial,North America,466 to 929,"5,001 to 10,000",1 to 6,50,2745.0,0,0,4,4,6,0,929.0,6.0,5574.0
Commercial,Middle East,46452 to 92903,"500,001 to 1 million",More than 25,40,3152.0,1,0,3,2,8,3,92903.0,50.0,4645150.0
